"NAME","LABEL","SEX","AGE","RACE","NATIVITY","CITIZENSHIP"
"B01001A_001","Estimate!!Total","ALL SEXES","ALL AGES","WHITE ALONE","ALL NATIVITIES","ALL CITIZENSHIPS"
"B01001A_002","Estimate!!Total!!Male","Male","ALL AGES","WHITE ALONE","ALL NATIVITIES","ALL CITIZENSHIPS"
"B01001A_003","Estimate!!Total!!Male!!Under 5 years","Male","Under 5 years","WHITE ALONE","ALL NATIVITIES","ALL CITIZENSHIPS"
"B01001A_004","Estimate!!Total!!Male!!5 to 9 years","Male","5 to 9 years","WHITE ALONE","ALL NATIVITIES","ALL CITIZENSHIPS"
"B01001A_005","Estimate!!Total!!Male!!10 to 14 years","Male","10 to 14 years","WHITE ALONE","ALL NATIVITIES","ALL CITIZENSHIPS"
"B01001A_006","Estimate!!Total!!Male!!15 to 17 years","Male","15 to 17 years","WHITE ALONE","ALL NATIVITIES","ALL CITIZENSHIPS"
"B01001A_007","Estimate!!Total!!Male!!18 and 19 years","Male","18 and 19 years","WHITE ALONE","ALL NATIVITIES","ALL CITIZENSHIPS"
"B01001A_008","Estimate!!Total!!Male!!20 to 24 years","Male","20 to 24 years","WHITE ALONE","ALL NATIVITIES","ALL CITIZENSHIPS"
"B01001A_009","Estimate!!Total!!Male!!25 to 29 years","Male","25 to 29 years","WHITE ALONE","ALL NATIVITIES","ALL CITIZENSHIPS"
"B01001A_010","Estimate!!Total!!Male!!30 to 34 years","Male","30 to 34 years","WHITE ALONE","ALL NATIVITIES","ALL CITIZENSHIPS"
"B01001A_011","Estimate!!Total!!Male!!35 to 44 years","Male","35 to 44 years","WHITE ALONE","ALL NATIVITIES","ALL CITIZENSHIPS"
"B01001A_012","Estimate!!Total!!Male!!45 to 54 years","Male","45 to 54 years","WHITE ALONE","ALL NATIVITIES","ALL CITIZENSHIPS"
"B01001A_013","Estimate!!Total!!Male!!55 to 64 years","Male","55 to 64 years","WHITE ALONE","ALL NATIVITIES","ALL CITIZENSHIPS"
"B01001A_014","Estimate!!Total!!Male!!65 to 74 years","Male","65 to 74 years","WHITE ALONE","ALL NATIVITIES","ALL CITIZENSHIPS"
"B01001A_015","Estimate!!Total!!Male!!75 to 84 years","Male","75 to 84 years","WHITE ALONE","ALL NATIVITIES","ALL CITIZENSHIPS"
"B01001A_016","Estimate!!Total!!Male!!85 years and over","Male","85 years and over","WHITE ALONE","ALL NATIVITIES","ALL CITIZENSHIPS"
"B01001A_017","Estimate!!Total!!Female","Female","ALL AGES","WHITE ALONE","ALL NATIVITIES","ALL CITIZENSHIPS"
"B01001A_018","Estimate!!Total!!Female!!Under 5 years","Female","Under 5 years","WHITE ALONE","ALL NATIVITIES","ALL CITIZENSHIPS"
"B01001A_019","Estimate!!Total!!Female!!5 to 9 years","Female","5 to 9 years","WHITE ALONE","ALL NATIVITIES","ALL CITIZENSHIPS"
"B01001A_020","Estimate!!Total!!Female!!10 to 14 years","Female","10 to 14 years","WHITE ALONE","ALL NATIVITIES","ALL CITIZENSHIPS"
"B01001A_021","Estimate!!Total!!Female!!15 to 17 years","Female","15 to 17 years","WHITE ALONE","ALL NATIVITIES","ALL CITIZENSHIPS"
"B01001A_022","Estimate!!Total!!Female!!18 and 19 years","Female","18 and 19 years","WHITE ALONE","ALL NATIVITIES","ALL CITIZENSHIPS"
"B01001A_023","Estimate!!Total!!Female!!20 to 24 years","Female","20 to 24 years","WHITE ALONE","ALL NATIVITIES","ALL CITIZENSHIPS"
"B01001A_024","Estimate!!Total!!Female!!25 to 29 years","Female","25 to 29 years","WHITE ALONE","ALL NATIVITIES","ALL CITIZENSHIPS"
"B01001A_025","Estimate!!Total!!Female!!30 to 34 years","Female","30 to 34 years","WHITE ALONE","ALL NATIVITIES","ALL CITIZENSHIPS"
"B01001A_026","Estimate!!Total!!Female!!35 to 44 years","Female","35 to 44 years","WHITE ALONE","ALL NATIVITIES","ALL CITIZENSHIPS"
"B01001A_027","Estimate!!Total!!Female!!45 to 54 years","Female","45 to 54 years","WHITE ALONE","ALL NATIVITIES","ALL CITIZENSHIPS"
"B01001A_028","Estimate!!Total!!Female!!55 to 64 years","Female","55 to 64 years","WHITE ALONE","ALL NATIVITIES","ALL CITIZENSHIPS"
"B01001A_029","Estimate!!Total!!Female!!65 to 74 years","Female","65 to 74 years","WHITE ALONE","ALL NATIVITIES","ALL CITIZENSHIPS"
"B01001A_030","Estimate!!Total!!Female!!75 to 84 years","Female","75 to 84 years","WHITE ALONE","ALL NATIVITIES","ALL CITIZENSHIPS"
"B01001A_031","Estimate!!Total!!Female!!85 years and over","Female","85 years and over","WHITE ALONE","ALL NATIVITIES","ALL CITIZENSHIPS"
"B01001B_001","Estimate!!Total","ALL SEXES","ALL AGES","BLACK OR AFRICAN AMERICAN ALONE","ALL NATIVITIES","ALL CITIZENSHIPS"
"B01001B_002","Estimate!!Total!!Male","Male","ALL AGES","BLACK OR AFRICAN AMERICAN ALONE","ALL NATIVITIES","ALL CITIZENSHIPS"
"B01001B_003","Estimate!!Total!!Male!!Under 5 years","Male","Under 5 years","BLACK OR AFRICAN AMERICAN ALONE","ALL NATIVITIES","ALL CITIZENSHIPS"
"B01001B_004","Estimate!!Total!!Male!!5 to 9 years","Male","5 to 9 years","BLACK OR AFRICAN AMERICAN ALONE","ALL NATIVITIES","ALL CITIZENSHIPS"
"B01001B_005","Estimate!!Total!!Male!!10 to 14 years","Male","10 to 14 years","BLACK OR AFRICAN AMERICAN ALONE","ALL NATIVITIES","ALL CITIZENSHIPS"
"B01001B_006","Estimate!!Total!!Male!!15 to 17 years","Male","15 to 17 years","BLACK OR AFRICAN AMERICAN ALONE","ALL NATIVITIES","ALL CITIZENSHIPS"
"B01001B_007","Estimate!!Total!!Male!!18 and 19 years","Male","18 and 19 years","BLACK OR AFRICAN AMERICAN ALONE","ALL NATIVITIES","ALL CITIZENSHIPS"
"B01001B_008","Estimate!!Total!!Male!!20 to 24 years","Male","20 to 24 years","BLACK OR AFRICAN AMERICAN ALONE","ALL NATIVITIES","ALL CITIZENSHIPS"
"B01001B_009","Estimate!!Total!!Male!!25 to 29 years","Male","25 to 29 years","BLACK OR AFRICAN AMERICAN ALONE","ALL NATIVITIES","ALL CITIZENSHIPS"
"B01001B_010","Estimate!!Total!!Male!!30 to 34 years","Male","30 to 34 years","BLACK OR AFRICAN AMERICAN ALONE","ALL NATIVITIES","ALL CITIZENSHIPS"
"B01001B_011","Estimate!!Total!!Male!!35 to 44 years","Male","35 to 44 years","BLACK OR AFRICAN AMERICAN ALONE","ALL NATIVITIES","ALL CITIZENSHIPS"
"B01001B_012","Estimate!!Total!!Male!!45 to 54 years","Male","45 to 54 years","BLACK OR AFRICAN AMERICAN ALONE","ALL NATIVITIES","ALL CITIZENSHIPS"
"B01001B_013","Estimate!!Total!!Male!!55 to 64 years","Male","55 to 64 years","BLACK OR AFRICAN AMERICAN ALONE","ALL NATIVITIES","ALL CITIZENSHIPS"
"B01001B_014","Estimate!!Total!!Male!!65 to 74 years","Male","65 to 74 years","BLACK OR AFRICAN AMERICAN ALONE","ALL NATIVITIES","ALL CITIZENSHIPS"
"B01001B_015","Estimate!!Total!!Male!!75 to 84 years","Male","75 to 84 years","BLACK OR AFRICAN AMERICAN ALONE","ALL NATIVITIES","ALL CITIZENSHIPS"
"B01001B_016","Estimate!!Total!!Male!!85 years and over","Male","85 years and over","BLACK OR AFRICAN AMERICAN ALONE","ALL NATIVITIES","ALL CITIZENSHIPS"
"B01001B_017","Estimate!!Total!!Female","Female","ALL AGES","BLACK OR AFRICAN AMERICAN ALONE","ALL NATIVITIES","ALL CITIZENSHIPS"
"B01001B_018","Estimate!!Total!!Female!!Under 5 years","Female","Under 5 years","BLACK OR AFRICAN AMERICAN ALONE","ALL NATIVITIES","ALL CITIZENSHIPS"
"B01001B_019","Estimate!!Total!!Female!!5 to 9 years","Female","5 to 9 years","BLACK OR AFRICAN AMERICAN ALONE","ALL NATIVITIES","ALL CITIZENSHIPS"
"B01001B_020","Estimate!!Total!!Female!!10 to 14 years","Female","10 to 14 years","BLACK OR AFRICAN AMERICAN ALONE","ALL NATIVITIES","ALL CITIZENSHIPS"
"B01001B_021","Estimate!!Total!!Female!!15 to 17 years","Female","15 to 17 years","BLACK OR AFRICAN AMERICAN ALONE","ALL NATIVITIES","ALL CITIZENSHIPS"
"B01001B_022","Estimate!!Total!!Female!!18 and 19 years","Female","18 and 19 years","BLACK OR AFRICAN AMERICAN ALONE","ALL NATIVITIES","ALL CITIZENSHIPS"
"B01001B_023","Estimate!!Total!!Female!!20 to 24 years","Female","20 to 24 years","BLACK OR AFRICAN AMERICAN ALONE","ALL NATIVITIES","ALL CITIZENSHIPS"
"B01001B_024","Estimate!!Total!!Female!!25 to 29 years","Female","25 to 29 years","BLACK OR AFRICAN AMERICAN ALONE","ALL NATIVITIES","ALL CITIZENSHIPS"
"B01001B_025","Estimate!!Total!!Female!!30 to 34 years","Female","30 to 34 years","BLACK OR AFRICAN AMERICAN ALONE","ALL NATIVITIES","ALL CITIZENSHIPS"
"B01001B_026","Estimate!!Total!!Female!!35 to 44 years","Female","35 to 44 years","BLACK OR AFRICAN AMERICAN ALONE","ALL NATIVITIES","ALL CITIZENSHIPS"
"B01001B_027","Estimate!!Total!!Female!!45 to 54 years","Female","45 to 54 years","BLACK OR AFRICAN AMERICAN ALONE","ALL NATIVITIES","ALL CITIZENSHIPS"
"B01001B_028","Estimate!!Total!!Female!!55 to 64 years","Female","55 to 64 years","BLACK OR AFRICAN AMERICAN ALONE","ALL NATIVITIES","ALL CITIZENSHIPS"
"B01001B_029","Estimate!!Total!!Female!!65 to 74 years","Female","65 to 74 years","BLACK OR AFRICAN AMERICAN ALONE","ALL NATIVITIES","ALL CITIZENSHIPS"
"B01001B_030","Estimate!!Total!!Female!!75 to 84 years","Female","75 to 84 years","BLACK OR AFRICAN AMERICAN ALONE","ALL NATIVITIES","ALL CITIZENSHIPS"
"B01001B_031","Estimate!!Total!!Female!!85 years and over","Female","85 years and over","BLACK OR AFRICAN AMERICAN ALONE","ALL NATIVITIES","ALL CITIZENSHIPS"
"B01001C_001","Estimate!!Total","ALL SEXES","ALL AGES","AMERICAN INDIAN AND ALASKA NATIVE ALONE","ALL NATIVITIES","ALL CITIZENSHIPS"
"B01001C_002","Estimate!!Total!!Male","Male","ALL AGES","AMERICAN INDIAN AND ALASKA NATIVE ALONE","ALL NATIVITIES","ALL CITIZENSHIPS"
"B01001C_003","Estimate!!Total!!Male!!Under 5 years","Male","Under 5 years","AMERICAN INDIAN AND ALASKA NATIVE ALONE","ALL NATIVITIES","ALL CITIZENSHIPS"
"B01001C_004","Estimate!!Total!!Male!!5 to 9 years","Male","5 to 9 years","AMERICAN INDIAN AND ALASKA NATIVE ALONE","ALL NATIVITIES","ALL CITIZENSHIPS"
"B01001C_005","Estimate!!Total!!Male!!10 to 14 years","Male","10 to 14 years","AMERICAN INDIAN AND ALASKA NATIVE ALONE","ALL NATIVITIES","ALL CITIZENSHIPS"
"B01001C_006","Estimate!!Total!!Male!!15 to 17 years","Male","15 to 17 years","AMERICAN INDIAN AND ALASKA NATIVE ALONE","ALL NATIVITIES","ALL CITIZENSHIPS"
"B01001C_007","Estimate!!Total!!Male!!18 and 19 years","Male","18 and 19 years","AMERICAN INDIAN AND ALASKA NATIVE ALONE","ALL NATIVITIES","ALL CITIZENSHIPS"
"B01001C_008","Estimate!!Total!!Male!!20 to 24 years","Male","20 to 24 years","AMERICAN INDIAN AND ALASKA NATIVE ALONE","ALL NATIVITIES","ALL CITIZENSHIPS"
"B01001C_009","Estimate!!Total!!Male!!25 to 29 years","Male","25 to 29 years","AMERICAN INDIAN AND ALASKA NATIVE ALONE","ALL NATIVITIES","ALL CITIZENSHIPS"
"B01001C_010","Estimate!!Total!!Male!!30 to 34 years","Male","30 to 34 years","AMERICAN INDIAN AND ALASKA NATIVE ALONE","ALL NATIVITIES","ALL CITIZENSHIPS"
"B01001C_011","Estimate!!Total!!Male!!35 to 44 years","Male","35 to 44 years","AMERICAN INDIAN AND ALASKA NATIVE ALONE","ALL NATIVITIES","ALL CITIZENSHIPS"
"B01001C_012","Estimate!!Total!!Male!!45 to 54 years","Male","45 to 54 years","AMERICAN INDIAN AND ALASKA NATIVE ALONE","ALL NATIVITIES","ALL CITIZENSHIPS"
"B01001C_013","Estimate!!Total!!Male!!55 to 64 years","Male","55 to 64 years","AMERICAN INDIAN AND ALASKA NATIVE ALONE","ALL NATIVITIES","ALL CITIZENSHIPS"
"B01001C_014","Estimate!!Total!!Male!!65 to 74 years","Male","65 to 74 years","AMERICAN INDIAN AND ALASKA NATIVE ALONE","ALL NATIVITIES","ALL CITIZENSHIPS"
"B01001C_015","Estimate!!Total!!Male!!75 to 84 years","Male","75 to 84 years","AMERICAN INDIAN AND ALASKA NATIVE ALONE","ALL NATIVITIES","ALL CITIZENSHIPS"
"B01001C_016","Estimate!!Total!!Male!!85 years and over","Male","85 years and over","AMERICAN INDIAN AND ALASKA NATIVE ALONE","ALL NATIVITIES","ALL CITIZENSHIPS"
"B01001C_017","Estimate!!Total!!Female","Female","ALL AGES","AMERICAN INDIAN AND ALASKA NATIVE ALONE","ALL NATIVITIES","ALL CITIZENSHIPS"
"B01001C_018","Estimate!!Total!!Female!!Under 5 years","Female","Under 5 years","AMERICAN INDIAN AND ALASKA NATIVE ALONE","ALL NATIVITIES","ALL CITIZENSHIPS"
"B01001C_019","Estimate!!Total!!Female!!5 to 9 years","Female","5 to 9 years","AMERICAN INDIAN AND ALASKA NATIVE ALONE","ALL NATIVITIES","ALL CITIZENSHIPS"
"B01001C_020","Estimate!!Total!!Female!!10 to 14 years","Female","10 to 14 years","AMERICAN INDIAN AND ALASKA NATIVE ALONE","ALL NATIVITIES","ALL CITIZENSHIPS"
"B01001C_021","Estimate!!Total!!Female!!15 to 17 years","Female","15 to 17 years","AMERICAN INDIAN AND ALASKA NATIVE ALONE","ALL NATIVITIES","ALL CITIZENSHIPS"
"B01001C_022","Estimate!!Total!!Female!!18 and 19 years","Female","18 and 19 years","AMERICAN INDIAN AND ALASKA NATIVE ALONE","ALL NATIVITIES","ALL CITIZENSHIPS"
"B01001C_023","Estimate!!Total!!Female!!20 to 24 years","Female","20 to 24 years","AMERICAN INDIAN AND ALASKA NATIVE ALONE","ALL NATIVITIES","ALL CITIZENSHIPS"
"B01001C_024","Estimate!!Total!!Female!!25 to 29 years","Female","25 to 29 years","AMERICAN INDIAN AND ALASKA NATIVE ALONE","ALL NATIVITIES","ALL CITIZENSHIPS"
"B01001C_025","Estimate!!Total!!Female!!30 to 34 years","Female","30 to 34 years","AMERICAN INDIAN AND ALASKA NATIVE ALONE","ALL NATIVITIES","ALL CITIZENSHIPS"
"B01001C_026","Estimate!!Total!!Female!!35 to 44 years","Female","35 to 44 years","AMERICAN INDIAN AND ALASKA NATIVE ALONE","ALL NATIVITIES","ALL CITIZENSHIPS"
"B01001C_027","Estimate!!Total!!Female!!45 to 54 years","Female","45 to 54 years","AMERICAN INDIAN AND ALASKA NATIVE ALONE","ALL NATIVITIES","ALL CITIZENSHIPS"
"B01001C_028","Estimate!!Total!!Female!!55 to 64 years","Female","55 to 64 years","AMERICAN INDIAN AND ALASKA NATIVE ALONE","ALL NATIVITIES","ALL CITIZENSHIPS"
"B01001C_029","Estimate!!Total!!Female!!65 to 74 years","Female","65 to 74 years","AMERICAN INDIAN AND ALASKA NATIVE ALONE","ALL NATIVITIES","ALL CITIZENSHIPS"
"B01001C_030","Estimate!!Total!!Female!!75 to 84 years","Female","75 to 84 years","AMERICAN INDIAN AND ALASKA NATIVE ALONE","ALL NATIVITIES","ALL CITIZENSHIPS"
"B01001C_031","Estimate!!Total!!Female!!85 years and over","Female","85 years and over","AMERICAN INDIAN AND ALASKA NATIVE ALONE","ALL NATIVITIES","ALL CITIZENSHIPS"
"B01001D_001","Estimate!!Total","ALL SEXES","ALL AGES","ASIAN ALONE","ALL NATIVITIES","ALL CITIZENSHIPS"
"B01001D_002","Estimate!!Total!!Male","Male","ALL AGES","ASIAN ALONE","ALL NATIVITIES","ALL CITIZENSHIPS"
"B01001D_003","Estimate!!Total!!Male!!Under 5 years","Male","Under 5 years","ASIAN ALONE","ALL NATIVITIES","ALL CITIZENSHIPS"
"B01001D_004","Estimate!!Total!!Male!!5 to 9 years","Male","5 to 9 years","ASIAN ALONE","ALL NATIVITIES","ALL CITIZENSHIPS"
"B01001D_005","Estimate!!Total!!Male!!10 to 14 years","Male","10 to 14 years","ASIAN ALONE","ALL NATIVITIES","ALL CITIZENSHIPS"
"B01001D_006","Estimate!!Total!!Male!!15 to 17 years","Male","15 to 17 years","ASIAN ALONE","ALL NATIVITIES","ALL CITIZENSHIPS"
"B01001D_007","Estimate!!Total!!Male!!18 and 19 years","Male","18 and 19 years","ASIAN ALONE","ALL NATIVITIES","ALL CITIZENSHIPS"
"B01001D_008","Estimate!!Total!!Male!!20 to 24 years","Male","20 to 24 years","ASIAN ALONE","ALL NATIVITIES","ALL CITIZENSHIPS"
"B01001D_009","Estimate!!Total!!Male!!25 to 29 years","Male","25 to 29 years","ASIAN ALONE","ALL NATIVITIES","ALL CITIZENSHIPS"
"B01001D_010","Estimate!!Total!!Male!!30 to 34 years","Male","30 to 34 years","ASIAN ALONE","ALL NATIVITIES","ALL CITIZENSHIPS"
"B01001D_011","Estimate!!Total!!Male!!35 to 44 years","Male","35 to 44 years","ASIAN ALONE","ALL NATIVITIES","ALL CITIZENSHIPS"
"B01001D_012","Estimate!!Total!!Male!!45 to 54 years","Male","45 to 54 years","ASIAN ALONE","ALL NATIVITIES","ALL CITIZENSHIPS"
"B01001D_013","Estimate!!Total!!Male!!55 to 64 years","Male","55 to 64 years","ASIAN ALONE","ALL NATIVITIES","ALL CITIZENSHIPS"
"B01001D_014","Estimate!!Total!!Male!!65 to 74 years","Male","65 to 74 years","ASIAN ALONE","ALL NATIVITIES","ALL CITIZENSHIPS"
"B01001D_015","Estimate!!Total!!Male!!75 to 84 years","Male","75 to 84 years","ASIAN ALONE","ALL NATIVITIES","ALL CITIZENSHIPS"
"B01001D_016","Estimate!!Total!!Male!!85 years and over","Male","85 years and over","ASIAN ALONE","ALL NATIVITIES","ALL CITIZENSHIPS"
"B01001D_017","Estimate!!Total!!Female","Female","ALL AGES","ASIAN ALONE","ALL NATIVITIES","ALL CITIZENSHIPS"
"B01001D_018","Estimate!!Total!!Female!!Under 5 years","Female","Under 5 years","ASIAN ALONE","ALL NATIVITIES","ALL CITIZENSHIPS"
"B01001D_019","Estimate!!Total!!Female!!5 to 9 years","Female","5 to 9 years","ASIAN ALONE","ALL NATIVITIES","ALL CITIZENSHIPS"
"B01001D_020","Estimate!!Total!!Female!!10 to 14 years","Female","10 to 14 years","ASIAN ALONE","ALL NATIVITIES","ALL CITIZENSHIPS"
"B01001D_021","Estimate!!Total!!Female!!15 to 17 years","Female","15 to 17 years","ASIAN ALONE","ALL NATIVITIES","ALL CITIZENSHIPS"
"B01001D_022","Estimate!!Total!!Female!!18 and 19 years","Female","18 and 19 years","ASIAN ALONE","ALL NATIVITIES","ALL CITIZENSHIPS"
"B01001D_023","Estimate!!Total!!Female!!20 to 24 years","Female","20 to 24 years","ASIAN ALONE","ALL NATIVITIES","ALL CITIZENSHIPS"
"B01001D_024","Estimate!!Total!!Female!!25 to 29 years","Female","25 to 29 years","ASIAN ALONE","ALL NATIVITIES","ALL CITIZENSHIPS"
"B01001D_025","Estimate!!Total!!Female!!30 to 34 years","Female","30 to 34 years","ASIAN ALONE","ALL NATIVITIES","ALL CITIZENSHIPS"
"B01001D_026","Estimate!!Total!!Female!!35 to 44 years","Female","35 to 44 years","ASIAN ALONE","ALL NATIVITIES","ALL CITIZENSHIPS"
"B01001D_027","Estimate!!Total!!Female!!45 to 54 years","Female","45 to 54 years","ASIAN ALONE","ALL NATIVITIES","ALL CITIZENSHIPS"
"B01001D_028","Estimate!!Total!!Female!!55 to 64 years","Female","55 to 64 years","ASIAN ALONE","ALL NATIVITIES","ALL CITIZENSHIPS"
"B01001D_029","Estimate!!Total!!Female!!65 to 74 years","Female","65 to 74 years","ASIAN ALONE","ALL NATIVITIES","ALL CITIZENSHIPS"
"B01001D_030","Estimate!!Total!!Female!!75 to 84 years","Female","75 to 84 years","ASIAN ALONE","ALL NATIVITIES","ALL CITIZENSHIPS"
"B01001D_031","Estimate!!Total!!Female!!85 years and over","Female","85 years and over","ASIAN ALONE","ALL NATIVITIES","ALL CITIZENSHIPS"
"B01001E_001","Estimate!!Total","ALL SEXES","ALL AGES","NATIVE HAWAIIAN AND OTHER PACIFIC ISLANDER ALONE","ALL NATIVITIES","ALL CITIZENSHIPS"
"B01001E_002","Estimate!!Total!!Male","Male","ALL AGES","NATIVE HAWAIIAN AND OTHER PACIFIC ISLANDER ALONE","ALL NATIVITIES","ALL CITIZENSHIPS"
"B01001E_003","Estimate!!Total!!Male!!Under 5 years","Male","Under 5 years","NATIVE HAWAIIAN AND OTHER PACIFIC ISLANDER ALONE","ALL NATIVITIES","ALL CITIZENSHIPS"
"B01001E_004","Estimate!!Total!!Male!!5 to 9 years","Male","5 to 9 years","NATIVE HAWAIIAN AND OTHER PACIFIC ISLANDER ALONE","ALL NATIVITIES","ALL CITIZENSHIPS"
"B01001E_005","Estimate!!Total!!Male!!10 to 14 years","Male","10 to 14 years","NATIVE HAWAIIAN AND OTHER PACIFIC ISLANDER ALONE","ALL NATIVITIES","ALL CITIZENSHIPS"
"B01001E_006","Estimate!!Total!!Male!!15 to 17 years","Male","15 to 17 years","NATIVE HAWAIIAN AND OTHER PACIFIC ISLANDER ALONE","ALL NATIVITIES","ALL CITIZENSHIPS"
"B01001E_007","Estimate!!Total!!Male!!18 and 19 years","Male","18 and 19 years","NATIVE HAWAIIAN AND OTHER PACIFIC ISLANDER ALONE","ALL NATIVITIES","ALL CITIZENSHIPS"
"B01001E_008","Estimate!!Total!!Male!!20 to 24 years","Male","20 to 24 years","NATIVE HAWAIIAN AND OTHER PACIFIC ISLANDER ALONE","ALL NATIVITIES","ALL CITIZENSHIPS"
"B01001E_009","Estimate!!Total!!Male!!25 to 29 years","Male","25 to 29 years","NATIVE HAWAIIAN AND OTHER PACIFIC ISLANDER ALONE","ALL NATIVITIES","ALL CITIZENSHIPS"
"B01001E_010","Estimate!!Total!!Male!!30 to 34 years","Male","30 to 34 years","NATIVE HAWAIIAN AND OTHER PACIFIC ISLANDER ALONE","ALL NATIVITIES","ALL CITIZENSHIPS"
"B01001E_011","Estimate!!Total!!Male!!35 to 44 years","Male","35 to 44 years","NATIVE HAWAIIAN AND OTHER PACIFIC ISLANDER ALONE","ALL NATIVITIES","ALL CITIZENSHIPS"
"B01001E_012","Estimate!!Total!!Male!!45 to 54 years","Male","45 to 54 years","NATIVE HAWAIIAN AND OTHER PACIFIC ISLANDER ALONE","ALL NATIVITIES","ALL CITIZENSHIPS"
"B01001E_013","Estimate!!Total!!Male!!55 to 64 years","Male","55 to 64 years","NATIVE HAWAIIAN AND OTHER PACIFIC ISLANDER ALONE","ALL NATIVITIES","ALL CITIZENSHIPS"
"B01001E_014","Estimate!!Total!!Male!!65 to 74 years","Male","65 to 74 years","NATIVE HAWAIIAN AND OTHER PACIFIC ISLANDER ALONE","ALL NATIVITIES","ALL CITIZENSHIPS"
"B01001E_015","Estimate!!Total!!Male!!75 to 84 years","Male","75 to 84 years","NATIVE HAWAIIAN AND OTHER PACIFIC ISLANDER ALONE","ALL NATIVITIES","ALL CITIZENSHIPS"
"B01001E_016","Estimate!!Total!!Male!!85 years and over","Male","85 years and over","NATIVE HAWAIIAN AND OTHER PACIFIC ISLANDER ALONE","ALL NATIVITIES","ALL CITIZENSHIPS"
"B01001E_017","Estimate!!Total!!Female","Female","ALL AGES","NATIVE HAWAIIAN AND OTHER PACIFIC ISLANDER ALONE","ALL NATIVITIES","ALL CITIZENSHIPS"
"B01001E_018","Estimate!!Total!!Female!!Under 5 years","Female","Under 5 years","NATIVE HAWAIIAN AND OTHER PACIFIC ISLANDER ALONE","ALL NATIVITIES","ALL CITIZENSHIPS"
"B01001E_019","Estimate!!Total!!Female!!5 to 9 years","Female","5 to 9 years","NATIVE HAWAIIAN AND OTHER PACIFIC ISLANDER ALONE","ALL NATIVITIES","ALL CITIZENSHIPS"
"B01001E_020","Estimate!!Total!!Female!!10 to 14 years","Female","10 to 14 years","NATIVE HAWAIIAN AND OTHER PACIFIC ISLANDER ALONE","ALL NATIVITIES","ALL CITIZENSHIPS"
"B01001E_021","Estimate!!Total!!Female!!15 to 17 years","Female","15 to 17 years","NATIVE HAWAIIAN AND OTHER PACIFIC ISLANDER ALONE","ALL NATIVITIES","ALL CITIZENSHIPS"
"B01001E_022","Estimate!!Total!!Female!!18 and 19 years","Female","18 and 19 years","NATIVE HAWAIIAN AND OTHER PACIFIC ISLANDER ALONE","ALL NATIVITIES","ALL CITIZENSHIPS"
"B01001E_023","Estimate!!Total!!Female!!20 to 24 years","Female","20 to 24 years","NATIVE HAWAIIAN AND OTHER PACIFIC ISLANDER ALONE","ALL NATIVITIES","ALL CITIZENSHIPS"
"B01001E_024","Estimate!!Total!!Female!!25 to 29 years","Female","25 to 29 years","NATIVE HAWAIIAN AND OTHER PACIFIC ISLANDER ALONE","ALL NATIVITIES","ALL CITIZENSHIPS"
"B01001E_025","Estimate!!Total!!Female!!30 to 34 years","Female","30 to 34 years","NATIVE HAWAIIAN AND OTHER PACIFIC ISLANDER ALONE","ALL NATIVITIES","ALL CITIZENSHIPS"
"B01001E_026","Estimate!!Total!!Female!!35 to 44 years","Female","35 to 44 years","NATIVE HAWAIIAN AND OTHER PACIFIC ISLANDER ALONE","ALL NATIVITIES","ALL CITIZENSHIPS"
"B01001E_027","Estimate!!Total!!Female!!45 to 54 years","Female","45 to 54 years","NATIVE HAWAIIAN AND OTHER PACIFIC ISLANDER ALONE","ALL NATIVITIES","ALL CITIZENSHIPS"
"B01001E_028","Estimate!!Total!!Female!!55 to 64 years","Female","55 to 64 years","NATIVE HAWAIIAN AND OTHER PACIFIC ISLANDER ALONE","ALL NATIVITIES","ALL CITIZENSHIPS"
"B01001E_029","Estimate!!Total!!Female!!65 to 74 years","Female","65 to 74 years","NATIVE HAWAIIAN AND OTHER PACIFIC ISLANDER ALONE","ALL NATIVITIES","ALL CITIZENSHIPS"
"B01001E_030","Estimate!!Total!!Female!!75 to 84 years","Female","75 to 84 years","NATIVE HAWAIIAN AND OTHER PACIFIC ISLANDER ALONE","ALL NATIVITIES","ALL CITIZENSHIPS"
"B01001E_031","Estimate!!Total!!Female!!85 years and over","Female","85 years and over","NATIVE HAWAIIAN AND OTHER PACIFIC ISLANDER ALONE","ALL NATIVITIES","ALL CITIZENSHIPS"
"B01001F_001","Estimate!!Total","ALL SEXES","ALL AGES","SOME OTHER RACE ALONE","ALL NATIVITIES","ALL CITIZENSHIPS"
"B01001F_002","Estimate!!Total!!Male","Male","ALL AGES","SOME OTHER RACE ALONE","ALL NATIVITIES","ALL CITIZENSHIPS"
"B01001F_003","Estimate!!Total!!Male!!Under 5 years","Male","Under 5 years","SOME OTHER RACE ALONE","ALL NATIVITIES","ALL CITIZENSHIPS"
"B01001F_004","Estimate!!Total!!Male!!5 to 9 years","Male","5 to 9 years","SOME OTHER RACE ALONE","ALL NATIVITIES","ALL CITIZENSHIPS"
"B01001F_005","Estimate!!Total!!Male!!10 to 14 years","Male","10 to 14 years","SOME OTHER RACE ALONE","ALL NATIVITIES","ALL CITIZENSHIPS"
"B01001F_006","Estimate!!Total!!Male!!15 to 17 years","Male","15 to 17 years","SOME OTHER RACE ALONE","ALL NATIVITIES","ALL CITIZENSHIPS"
"B01001F_007","Estimate!!Total!!Male!!18 and 19 years","Male","18 and 19 years","SOME OTHER RACE ALONE","ALL NATIVITIES","ALL CITIZENSHIPS"
"B01001F_008","Estimate!!Total!!Male!!20 to 24 years","Male","20 to 24 years","SOME OTHER RACE ALONE","ALL NATIVITIES","ALL CITIZENSHIPS"
"B01001F_009","Estimate!!Total!!Male!!25 to 29 years","Male","25 to 29 years","SOME OTHER RACE ALONE","ALL NATIVITIES","ALL CITIZENSHIPS"
"B01001F_010","Estimate!!Total!!Male!!30 to 34 years","Male","30 to 34 years","SOME OTHER RACE ALONE","ALL NATIVITIES","ALL CITIZENSHIPS"
"B01001F_011","Estimate!!Total!!Male!!35 to 44 years","Male","35 to 44 years","SOME OTHER RACE ALONE","ALL NATIVITIES","ALL CITIZENSHIPS"
"B01001F_012","Estimate!!Total!!Male!!45 to 54 years","Male","45 to 54 years","SOME OTHER RACE ALONE","ALL NATIVITIES","ALL CITIZENSHIPS"
"B01001F_013","Estimate!!Total!!Male!!55 to 64 years","Male","55 to 64 years","SOME OTHER RACE ALONE","ALL NATIVITIES","ALL CITIZENSHIPS"
"B01001F_014","Estimate!!Total!!Male!!65 to 74 years","Male","65 to 74 years","SOME OTHER RACE ALONE","ALL NATIVITIES","ALL CITIZENSHIPS"
"B01001F_015","Estimate!!Total!!Male!!75 to 84 years","Male","75 to 84 years","SOME OTHER RACE ALONE","ALL NATIVITIES","ALL CITIZENSHIPS"
"B01001F_016","Estimate!!Total!!Male!!85 years and over","Male","85 years and over","SOME OTHER RACE ALONE","ALL NATIVITIES","ALL CITIZENSHIPS"
"B01001F_017","Estimate!!Total!!Female","Female","ALL AGES","SOME OTHER RACE ALONE","ALL NATIVITIES","ALL CITIZENSHIPS"
"B01001F_018","Estimate!!Total!!Female!!Under 5 years","Female","Under 5 years","SOME OTHER RACE ALONE","ALL NATIVITIES","ALL CITIZENSHIPS"
"B01001F_019","Estimate!!Total!!Female!!5 to 9 years","Female","5 to 9 years","SOME OTHER RACE ALONE","ALL NATIVITIES","ALL CITIZENSHIPS"
"B01001F_020","Estimate!!Total!!Female!!10 to 14 years","Female","10 to 14 years","SOME OTHER RACE ALONE","ALL NATIVITIES","ALL CITIZENSHIPS"
"B01001F_021","Estimate!!Total!!Female!!15 to 17 years","Female","15 to 17 years","SOME OTHER RACE ALONE","ALL NATIVITIES","ALL CITIZENSHIPS"
"B01001F_022","Estimate!!Total!!Female!!18 and 19 years","Female","18 and 19 years","SOME OTHER RACE ALONE","ALL NATIVITIES","ALL CITIZENSHIPS"
"B01001F_023","Estimate!!Total!!Female!!20 to 24 years","Female","20 to 24 years","SOME OTHER RACE ALONE","ALL NATIVITIES","ALL CITIZENSHIPS"
"B01001F_024","Estimate!!Total!!Female!!25 to 29 years","Female","25 to 29 years","SOME OTHER RACE ALONE","ALL NATIVITIES","ALL CITIZENSHIPS"
"B01001F_025","Estimate!!Total!!Female!!30 to 34 years","Female","30 to 34 years","SOME OTHER RACE ALONE","ALL NATIVITIES","ALL CITIZENSHIPS"
"B01001F_026","Estimate!!Total!!Female!!35 to 44 years","Female","35 to 44 years","SOME OTHER RACE ALONE","ALL NATIVITIES","ALL CITIZENSHIPS"
"B01001F_027","Estimate!!Total!!Female!!45 to 54 years","Female","45 to 54 years","SOME OTHER RACE ALONE","ALL NATIVITIES","ALL CITIZENSHIPS"
"B01001F_028","Estimate!!Total!!Female!!55 to 64 years","Female","55 to 64 years","SOME OTHER RACE ALONE","ALL NATIVITIES","ALL CITIZENSHIPS"
"B01001F_029","Estimate!!Total!!Female!!65 to 74 years","Female","65 to 74 years","SOME OTHER RACE ALONE","ALL NATIVITIES","ALL CITIZENSHIPS"
"B01001F_030","Estimate!!Total!!Female!!75 to 84 years","Female","75 to 84 years","SOME OTHER RACE ALONE","ALL NATIVITIES","ALL CITIZENSHIPS"
"B01001F_031","Estimate!!Total!!Female!!85 years and over","Female","85 years and over","SOME OTHER RACE ALONE","ALL NATIVITIES","ALL CITIZENSHIPS"
"B01001G_001","Estimate!!Total","ALL SEXES","ALL AGES","TWO OR MORE RACES","ALL NATIVITIES","ALL CITIZENSHIPS"
"B01001G_002","Estimate!!Total!!Male","Male","ALL AGES","TWO OR MORE RACES","ALL NATIVITIES","ALL CITIZENSHIPS"
"B01001G_003","Estimate!!Total!!Male!!Under 5 years","Male","Under 5 years","TWO OR MORE RACES","ALL NATIVITIES","ALL CITIZENSHIPS"
"B01001G_004","Estimate!!Total!!Male!!5 to 9 years","Male","5 to 9 years","TWO OR MORE RACES","ALL NATIVITIES","ALL CITIZENSHIPS"
"B01001G_005","Estimate!!Total!!Male!!10 to 14 years","Male","10 to 14 years","TWO OR MORE RACES","ALL NATIVITIES","ALL CITIZENSHIPS"
"B01001G_006","Estimate!!Total!!Male!!15 to 17 years","Male","15 to 17 years","TWO OR MORE RACES","ALL NATIVITIES","ALL CITIZENSHIPS"
"B01001G_007","Estimate!!Total!!Male!!18 and 19 years","Male","18 and 19 years","TWO OR MORE RACES","ALL NATIVITIES","ALL CITIZENSHIPS"
"B01001G_008","Estimate!!Total!!Male!!20 to 24 years","Male","20 to 24 years","TWO OR MORE RACES","ALL NATIVITIES","ALL CITIZENSHIPS"
"B01001G_009","Estimate!!Total!!Male!!25 to 29 years","Male","25 to 29 years","TWO OR MORE RACES","ALL NATIVITIES","ALL CITIZENSHIPS"
"B01001G_010","Estimate!!Total!!Male!!30 to 34 years","Male","30 to 34 years","TWO OR MORE RACES","ALL NATIVITIES","ALL CITIZENSHIPS"
"B01001G_011","Estimate!!Total!!Male!!35 to 44 years","Male","35 to 44 years","TWO OR MORE RACES","ALL NATIVITIES","ALL CITIZENSHIPS"
"B01001G_012","Estimate!!Total!!Male!!45 to 54 years","Male","45 to 54 years","TWO OR MORE RACES","ALL NATIVITIES","ALL CITIZENSHIPS"
"B01001G_013","Estimate!!Total!!Male!!55 to 64 years","Male","55 to 64 years","TWO OR MORE RACES","ALL NATIVITIES","ALL CITIZENSHIPS"
"B01001G_014","Estimate!!Total!!Male!!65 to 74 years","Male","65 to 74 years","TWO OR MORE RACES","ALL NATIVITIES","ALL CITIZENSHIPS"
"B01001G_015","Estimate!!Total!!Male!!75 to 84 years","Male","75 to 84 years","TWO OR MORE RACES","ALL NATIVITIES","ALL CITIZENSHIPS"
"B01001G_016","Estimate!!Total!!Male!!85 years and over","Male","85 years and over","TWO OR MORE RACES","ALL NATIVITIES","ALL CITIZENSHIPS"
"B01001G_017","Estimate!!Total!!Female","Female","ALL AGES","TWO OR MORE RACES","ALL NATIVITIES","ALL CITIZENSHIPS"
"B01001G_018","Estimate!!Total!!Female!!Under 5 years","Female","Under 5 years","TWO OR MORE RACES","ALL NATIVITIES","ALL CITIZENSHIPS"
"B01001G_019","Estimate!!Total!!Female!!5 to 9 years","Female","5 to 9 years","TWO OR MORE RACES","ALL NATIVITIES","ALL CITIZENSHIPS"
"B01001G_020","Estimate!!Total!!Female!!10 to 14 years","Female","10 to 14 years","TWO OR MORE RACES","ALL NATIVITIES","ALL CITIZENSHIPS"
"B01001G_021","Estimate!!Total!!Female!!15 to 17 years","Female","15 to 17 years","TWO OR MORE RACES","ALL NATIVITIES","ALL CITIZENSHIPS"
"B01001G_022","Estimate!!Total!!Female!!18 and 19 years","Female","18 and 19 years","TWO OR MORE RACES","ALL NATIVITIES","ALL CITIZENSHIPS"
"B01001G_023","Estimate!!Total!!Female!!20 to 24 years","Female","20 to 24 years","TWO OR MORE RACES","ALL NATIVITIES","ALL CITIZENSHIPS"
"B01001G_024","Estimate!!Total!!Female!!25 to 29 years","Female","25 to 29 years","TWO OR MORE RACES","ALL NATIVITIES","ALL CITIZENSHIPS"
"B01001G_025","Estimate!!Total!!Female!!30 to 34 years","Female","30 to 34 years","TWO OR MORE RACES","ALL NATIVITIES","ALL CITIZENSHIPS"
"B01001G_026","Estimate!!Total!!Female!!35 to 44 years","Female","35 to 44 years","TWO OR MORE RACES","ALL NATIVITIES","ALL CITIZENSHIPS"
"B01001G_027","Estimate!!Total!!Female!!45 to 54 years","Female","45 to 54 years","TWO OR MORE RACES","ALL NATIVITIES","ALL CITIZENSHIPS"
"B01001G_028","Estimate!!Total!!Female!!55 to 64 years","Female","55 to 64 years","TWO OR MORE RACES","ALL NATIVITIES","ALL CITIZENSHIPS"
"B01001G_029","Estimate!!Total!!Female!!65 to 74 years","Female","65 to 74 years","TWO OR MORE RACES","ALL NATIVITIES","ALL CITIZENSHIPS"
"B01001G_030","Estimate!!Total!!Female!!75 to 84 years","Female","75 to 84 years","TWO OR MORE RACES","ALL NATIVITIES","ALL CITIZENSHIPS"
"B01001G_031","Estimate!!Total!!Female!!85 years and over","Female","85 years and over","TWO OR MORE RACES","ALL NATIVITIES","ALL CITIZENSHIPS"
"B01001H_001","Estimate!!Total","ALL SEXES","ALL AGES","WHITE ALONE, NOT HISPANIC OR LATINO","ALL NATIVITIES","ALL CITIZENSHIPS"
"B01001H_002","Estimate!!Total!!Male","Male","ALL AGES","WHITE ALONE, NOT HISPANIC OR LATINO","ALL NATIVITIES","ALL CITIZENSHIPS"
"B01001H_003","Estimate!!Total!!Male!!Under 5 years","Male","Under 5 years","WHITE ALONE, NOT HISPANIC OR LATINO","ALL NATIVITIES","ALL CITIZENSHIPS"
"B01001H_004","Estimate!!Total!!Male!!5 to 9 years","Male","5 to 9 years","WHITE ALONE, NOT HISPANIC OR LATINO","ALL NATIVITIES","ALL CITIZENSHIPS"
"B01001H_005","Estimate!!Total!!Male!!10 to 14 years","Male","10 to 14 years","WHITE ALONE, NOT HISPANIC OR LATINO","ALL NATIVITIES","ALL CITIZENSHIPS"
"B01001H_006","Estimate!!Total!!Male!!15 to 17 years","Male","15 to 17 years","WHITE ALONE, NOT HISPANIC OR LATINO","ALL NATIVITIES","ALL CITIZENSHIPS"
"B01001H_007","Estimate!!Total!!Male!!18 and 19 years","Male","18 and 19 years","WHITE ALONE, NOT HISPANIC OR LATINO","ALL NATIVITIES","ALL CITIZENSHIPS"
"B01001H_008","Estimate!!Total!!Male!!20 to 24 years","Male","20 to 24 years","WHITE ALONE, NOT HISPANIC OR LATINO","ALL NATIVITIES","ALL CITIZENSHIPS"
"B01001H_009","Estimate!!Total!!Male!!25 to 29 years","Male","25 to 29 years","WHITE ALONE, NOT HISPANIC OR LATINO","ALL NATIVITIES","ALL CITIZENSHIPS"
"B01001H_010","Estimate!!Total!!Male!!30 to 34 years","Male","30 to 34 years","WHITE ALONE, NOT HISPANIC OR LATINO","ALL NATIVITIES","ALL CITIZENSHIPS"
"B01001H_011","Estimate!!Total!!Male!!35 to 44 years","Male","35 to 44 years","WHITE ALONE, NOT HISPANIC OR LATINO","ALL NATIVITIES","ALL CITIZENSHIPS"
"B01001H_012","Estimate!!Total!!Male!!45 to 54 years","Male","45 to 54 years","WHITE ALONE, NOT HISPANIC OR LATINO","ALL NATIVITIES","ALL CITIZENSHIPS"
"B01001H_013","Estimate!!Total!!Male!!55 to 64 years","Male","55 to 64 years","WHITE ALONE, NOT HISPANIC OR LATINO","ALL NATIVITIES","ALL CITIZENSHIPS"
"B01001H_014","Estimate!!Total!!Male!!65 to 74 years","Male","65 to 74 years","WHITE ALONE, NOT HISPANIC OR LATINO","ALL NATIVITIES","ALL CITIZENSHIPS"
"B01001H_015","Estimate!!Total!!Male!!75 to 84 years","Male","75 to 84 years","WHITE ALONE, NOT HISPANIC OR LATINO","ALL NATIVITIES","ALL CITIZENSHIPS"
"B01001H_016","Estimate!!Total!!Male!!85 years and over","Male","85 years and over","WHITE ALONE, NOT HISPANIC OR LATINO","ALL NATIVITIES","ALL CITIZENSHIPS"
"B01001H_017","Estimate!!Total!!Female","Female","ALL AGES","WHITE ALONE, NOT HISPANIC OR LATINO","ALL NATIVITIES","ALL CITIZENSHIPS"
"B01001H_018","Estimate!!Total!!Female!!Under 5 years","Female","Under 5 years","WHITE ALONE, NOT HISPANIC OR LATINO","ALL NATIVITIES","ALL CITIZENSHIPS"
"B01001H_019","Estimate!!Total!!Female!!5 to 9 years","Female","5 to 9 years","WHITE ALONE, NOT HISPANIC OR LATINO","ALL NATIVITIES","ALL CITIZENSHIPS"
"B01001H_020","Estimate!!Total!!Female!!10 to 14 years","Female","10 to 14 years","WHITE ALONE, NOT HISPANIC OR LATINO","ALL NATIVITIES","ALL CITIZENSHIPS"
"B01001H_021","Estimate!!Total!!Female!!15 to 17 years","Female","15 to 17 years","WHITE ALONE, NOT HISPANIC OR LATINO","ALL NATIVITIES","ALL CITIZENSHIPS"
"B01001H_022","Estimate!!Total!!Female!!18 and 19 years","Female","18 and 19 years","WHITE ALONE, NOT HISPANIC OR LATINO","ALL NATIVITIES","ALL CITIZENSHIPS"
"B01001H_023","Estimate!!Total!!Female!!20 to 24 years","Female","20 to 24 years","WHITE ALONE, NOT HISPANIC OR LATINO","ALL NATIVITIES","ALL CITIZENSHIPS"
"B01001H_024","Estimate!!Total!!Female!!25 to 29 years","Female","25 to 29 years","WHITE ALONE, NOT HISPANIC OR LATINO","ALL NATIVITIES","ALL CITIZENSHIPS"
"B01001H_025","Estimate!!Total!!Female!!30 to 34 years","Female","30 to 34 years","WHITE ALONE, NOT HISPANIC OR LATINO","ALL NATIVITIES","ALL CITIZENSHIPS"
"B01001H_026","Estimate!!Total!!Female!!35 to 44 years","Female","35 to 44 years","WHITE ALONE, NOT HISPANIC OR LATINO","ALL NATIVITIES","ALL CITIZENSHIPS"
"B01001H_027","Estimate!!Total!!Female!!45 to 54 years","Female","45 to 54 years","WHITE ALONE, NOT HISPANIC OR LATINO","ALL NATIVITIES","ALL CITIZENSHIPS"
"B01001H_028","Estimate!!Total!!Female!!55 to 64 years","Female","55 to 64 years","WHITE ALONE, NOT HISPANIC OR LATINO","ALL NATIVITIES","ALL CITIZENSHIPS"
"B01001H_029","Estimate!!Total!!Female!!65 to 74 years","Female","65 to 74 years","WHITE ALONE, NOT HISPANIC OR LATINO","ALL NATIVITIES","ALL CITIZENSHIPS"
"B01001H_030","Estimate!!Total!!Female!!75 to 84 years","Female","75 to 84 years","WHITE ALONE, NOT HISPANIC OR LATINO","ALL NATIVITIES","ALL CITIZENSHIPS"
"B01001H_031","Estimate!!Total!!Female!!85 years and over","Female","85 years and over","WHITE ALONE, NOT HISPANIC OR LATINO","ALL NATIVITIES","ALL CITIZENSHIPS"
"B01001I_001","Estimate!!Total","ALL SEXES","ALL AGES","HISPANIC OR LATINO","ALL NATIVITIES","ALL CITIZENSHIPS"
"B01001I_002","Estimate!!Total!!Male","Male","ALL AGES","HISPANIC OR LATINO","ALL NATIVITIES","ALL CITIZENSHIPS"
"B01001I_003","Estimate!!Total!!Male!!Under 5 years","Male","Under 5 years","HISPANIC OR LATINO","ALL NATIVITIES","ALL CITIZENSHIPS"
"B01001I_004","Estimate!!Total!!Male!!5 to 9 years","Male","5 to 9 years","HISPANIC OR LATINO","ALL NATIVITIES","ALL CITIZENSHIPS"
"B01001I_005","Estimate!!Total!!Male!!10 to 14 years","Male","10 to 14 years","HISPANIC OR LATINO","ALL NATIVITIES","ALL CITIZENSHIPS"
"B01001I_006","Estimate!!Total!!Male!!15 to 17 years","Male","15 to 17 years","HISPANIC OR LATINO","ALL NATIVITIES","ALL CITIZENSHIPS"
"B01001I_007","Estimate!!Total!!Male!!18 and 19 years","Male","18 and 19 years","HISPANIC OR LATINO","ALL NATIVITIES","ALL CITIZENSHIPS"
"B01001I_008","Estimate!!Total!!Male!!20 to 24 years","Male","20 to 24 years","HISPANIC OR LATINO","ALL NATIVITIES","ALL CITIZENSHIPS"
"B01001I_009","Estimate!!Total!!Male!!25 to 29 years","Male","25 to 29 years","HISPANIC OR LATINO","ALL NATIVITIES","ALL CITIZENSHIPS"
"B01001I_010","Estimate!!Total!!Male!!30 to 34 years","Male","30 to 34 years","HISPANIC OR LATINO","ALL NATIVITIES","ALL CITIZENSHIPS"
"B01001I_011","Estimate!!Total!!Male!!35 to 44 years","Male","35 to 44 years","HISPANIC OR LATINO","ALL NATIVITIES","ALL CITIZENSHIPS"
"B01001I_012","Estimate!!Total!!Male!!45 to 54 years","Male","45 to 54 years","HISPANIC OR LATINO","ALL NATIVITIES","ALL CITIZENSHIPS"
"B01001I_013","Estimate!!Total!!Male!!55 to 64 years","Male","55 to 64 years","HISPANIC OR LATINO","ALL NATIVITIES","ALL CITIZENSHIPS"
"B01001I_014","Estimate!!Total!!Male!!65 to 74 years","Male","65 to 74 years","HISPANIC OR LATINO","ALL NATIVITIES","ALL CITIZENSHIPS"
"B01001I_015","Estimate!!Total!!Male!!75 to 84 years","Male","75 to 84 years","HISPANIC OR LATINO","ALL NATIVITIES","ALL CITIZENSHIPS"
"B01001I_016","Estimate!!Total!!Male!!85 years and over","Male","85 years and over","HISPANIC OR LATINO","ALL NATIVITIES","ALL CITIZENSHIPS"
"B01001I_017","Estimate!!Total!!Female","Female","ALL AGES","HISPANIC OR LATINO","ALL NATIVITIES","ALL CITIZENSHIPS"
"B01001I_018","Estimate!!Total!!Female!!Under 5 years","Female","Under 5 years","HISPANIC OR LATINO","ALL NATIVITIES","ALL CITIZENSHIPS"
"B01001I_019","Estimate!!Total!!Female!!5 to 9 years","Female","5 to 9 years","HISPANIC OR LATINO","ALL NATIVITIES","ALL CITIZENSHIPS"
"B01001I_020","Estimate!!Total!!Female!!10 to 14 years","Female","10 to 14 years","HISPANIC OR LATINO","ALL NATIVITIES","ALL CITIZENSHIPS"
"B01001I_021","Estimate!!Total!!Female!!15 to 17 years","Female","15 to 17 years","HISPANIC OR LATINO","ALL NATIVITIES","ALL CITIZENSHIPS"
"B01001I_022","Estimate!!Total!!Female!!18 and 19 years","Female","18 and 19 years","HISPANIC OR LATINO","ALL NATIVITIES","ALL CITIZENSHIPS"
"B01001I_023","Estimate!!Total!!Female!!20 to 24 years","Female","20 to 24 years","HISPANIC OR LATINO","ALL NATIVITIES","ALL CITIZENSHIPS"
"B01001I_024","Estimate!!Total!!Female!!25 to 29 years","Female","25 to 29 years","HISPANIC OR LATINO","ALL NATIVITIES","ALL CITIZENSHIPS"
"B01001I_025","Estimate!!Total!!Female!!30 to 34 years","Female","30 to 34 years","HISPANIC OR LATINO","ALL NATIVITIES","ALL CITIZENSHIPS"
"B01001I_026","Estimate!!Total!!Female!!35 to 44 years","Female","35 to 44 years","HISPANIC OR LATINO","ALL NATIVITIES","ALL CITIZENSHIPS"
"B01001I_027","Estimate!!Total!!Female!!45 to 54 years","Female","45 to 54 years","HISPANIC OR LATINO","ALL NATIVITIES","ALL CITIZENSHIPS"
"B01001I_028","Estimate!!Total!!Female!!55 to 64 years","Female","55 to 64 years","HISPANIC OR LATINO","ALL NATIVITIES","ALL CITIZENSHIPS"
"B01001I_029","Estimate!!Total!!Female!!65 to 74 years","Female","65 to 74 years","HISPANIC OR LATINO","ALL NATIVITIES","ALL CITIZENSHIPS"
"B01001I_030","Estimate!!Total!!Female!!75 to 84 years","Female","75 to 84 years","HISPANIC OR LATINO","ALL NATIVITIES","ALL CITIZENSHIPS"
"B01001I_031","Estimate!!Total!!Female!!85 years and over","Female","85 years and over","HISPANIC OR LATINO","ALL NATIVITIES","ALL CITIZENSHIPS"
"B05003A_001","Estimate!!Total","ALL SEXES","ALL AGES","WHITE ALONE","ALL NATIVITIES","ALL CITIZENSHIPS"
"B05003A_002","Estimate!!Total!!Male","Male","ALL AGES","WHITE ALONE","ALL NATIVITIES","ALL CITIZENSHIPS"
"B05003A_003","Estimate!!Total!!Male!!Under 18 years","Male","Under 18 years","WHITE ALONE","ALL NATIVITIES","ALL CITIZENSHIPS"
"B05003A_004","Estimate!!Total!!Male!!Under 18 years!!Native","Male","Under 18 years","WHITE ALONE","Native","ALL CITIZENSHIPS"
"B05003A_005","Estimate!!Total!!Male!!Under 18 years!!Foreign born","Male","Under 18 years","WHITE ALONE","Foreign born","ALL CITIZENSHIPS"
"B05003A_006","Estimate!!Total!!Male!!Under 18 years!!Foreign born!!Naturalized U.S. citizen","Male","Under 18 years","WHITE ALONE","Foreign born","Naturalized U.S. citizen"
"B05003A_007","Estimate!!Total!!Male!!Under 18 years!!Foreign born!!Not a U.S. citizen","Male","Under 18 years","WHITE ALONE","Foreign born","Not a U.S. citizen"
"B05003A_008","Estimate!!Total!!Male!!18 years and over","Male","18 years and over","WHITE ALONE","ALL NATIVITIES","ALL CITIZENSHIPS"
"B05003A_009","Estimate!!Total!!Male!!18 years and over!!Native","Male","18 years and over","WHITE ALONE","Native","ALL CITIZENSHIPS"
"B05003A_010","Estimate!!Total!!Male!!18 years and over!!Foreign born","Male","18 years and over","WHITE ALONE","Foreign born","ALL CITIZENSHIPS"
"B05003A_011","Estimate!!Total!!Male!!18 years and over!!Foreign born!!Naturalized U.S. citizen","Male","18 years and over","WHITE ALONE","Foreign born","Naturalized U.S. citizen"
"B05003A_012","Estimate!!Total!!Male!!18 years and over!!Foreign born!!Not a U.S. citizen","Male","18 years and over","WHITE ALONE","Foreign born","Not a U.S. citizen"
"B05003A_013","Estimate!!Total!!Female","Female","ALL AGES","WHITE ALONE","ALL NATIVITIES","ALL CITIZENSHIPS"
"B05003A_014","Estimate!!Total!!Female!!Under 18 years","Female","Under 18 years","WHITE ALONE","ALL NATIVITIES","ALL CITIZENSHIPS"
"B05003A_015","Estimate!!Total!!Female!!Under 18 years!!Native","Female","Under 18 years","WHITE ALONE","Native","ALL CITIZENSHIPS"
"B05003A_016","Estimate!!Total!!Female!!Under 18 years!!Foreign born","Female","Under 18 years","WHITE ALONE","Foreign born","ALL CITIZENSHIPS"
"B05003A_017","Estimate!!Total!!Female!!Under 18 years!!Foreign born!!Naturalized U.S. citizen","Female","Under 18 years","WHITE ALONE","Foreign born","Naturalized U.S. citizen"
"B05003A_018","Estimate!!Total!!Female!!Under 18 years!!Foreign born!!Not a U.S. citizen","Female","Under 18 years","WHITE ALONE","Foreign born","Not a U.S. citizen"
"B05003A_019","Estimate!!Total!!Female!!18 years and over","Female","18 years and over","WHITE ALONE","ALL NATIVITIES","ALL CITIZENSHIPS"
"B05003A_020","Estimate!!Total!!Female!!18 years and over!!Native","Female","18 years and over","WHITE ALONE","Native","ALL CITIZENSHIPS"
"B05003A_021","Estimate!!Total!!Female!!18 years and over!!Foreign born","Female","18 years and over","WHITE ALONE","Foreign born","ALL CITIZENSHIPS"
"B05003A_022","Estimate!!Total!!Female!!18 years and over!!Foreign born!!Naturalized U.S. citizen","Female","18 years and over","WHITE ALONE","Foreign born","Naturalized U.S. citizen"
"B05003A_023","Estimate!!Total!!Female!!18 years and over!!Foreign born!!Not a U.S. citizen","Female","18 years and over","WHITE ALONE","Foreign born","Not a U.S. citizen"
"B05003B_001","Estimate!!Total","ALL SEXES","ALL AGES","BLACK OR AFRICAN AMERICAN ALONE","ALL NATIVITIES","ALL CITIZENSHIPS"
"B05003B_002","Estimate!!Total!!Male","Male","ALL AGES","BLACK OR AFRICAN AMERICAN ALONE","ALL NATIVITIES","ALL CITIZENSHIPS"
"B05003B_003","Estimate!!Total!!Male!!Under 18 years","Male","Under 18 years","BLACK OR AFRICAN AMERICAN ALONE","ALL NATIVITIES","ALL CITIZENSHIPS"
"B05003B_004","Estimate!!Total!!Male!!Under 18 years!!Native","Male","Under 18 years","BLACK OR AFRICAN AMERICAN ALONE","Native","ALL CITIZENSHIPS"
"B05003B_005","Estimate!!Total!!Male!!Under 18 years!!Foreign born","Male","Under 18 years","BLACK OR AFRICAN AMERICAN ALONE","Foreign born","ALL CITIZENSHIPS"
"B05003B_006","Estimate!!Total!!Male!!Under 18 years!!Foreign born!!Naturalized U.S. citizen","Male","Under 18 years","BLACK OR AFRICAN AMERICAN ALONE","Foreign born","Naturalized U.S. citizen"
"B05003B_007","Estimate!!Total!!Male!!Under 18 years!!Foreign born!!Not a U.S. citizen","Male","Under 18 years","BLACK OR AFRICAN AMERICAN ALONE","Foreign born","Not a U.S. citizen"
"B05003B_008","Estimate!!Total!!Male!!18 years and over","Male","18 years and over","BLACK OR AFRICAN AMERICAN ALONE","ALL NATIVITIES","ALL CITIZENSHIPS"
"B05003B_009","Estimate!!Total!!Male!!18 years and over!!Native","Male","18 years and over","BLACK OR AFRICAN AMERICAN ALONE","Native","ALL CITIZENSHIPS"
"B05003B_010","Estimate!!Total!!Male!!18 years and over!!Foreign born","Male","18 years and over","BLACK OR AFRICAN AMERICAN ALONE","Foreign born","ALL CITIZENSHIPS"
"B05003B_011","Estimate!!Total!!Male!!18 years and over!!Foreign born!!Naturalized U.S. citizen","Male","18 years and over","BLACK OR AFRICAN AMERICAN ALONE","Foreign born","Naturalized U.S. citizen"
"B05003B_012","Estimate!!Total!!Male!!18 years and over!!Foreign born!!Not a U.S. citizen","Male","18 years and over","BLACK OR AFRICAN AMERICAN ALONE","Foreign born","Not a U.S. citizen"
"B05003B_013","Estimate!!Total!!Female","Female","ALL AGES","BLACK OR AFRICAN AMERICAN ALONE","ALL NATIVITIES","ALL CITIZENSHIPS"
"B05003B_014","Estimate!!Total!!Female!!Under 18 years","Female","Under 18 years","BLACK OR AFRICAN AMERICAN ALONE","ALL NATIVITIES","ALL CITIZENSHIPS"
"B05003B_015","Estimate!!Total!!Female!!Under 18 years!!Native","Female","Under 18 years","BLACK OR AFRICAN AMERICAN ALONE","Native","ALL CITIZENSHIPS"
"B05003B_016","Estimate!!Total!!Female!!Under 18 years!!Foreign born","Female","Under 18 years","BLACK OR AFRICAN AMERICAN ALONE","Foreign born","ALL CITIZENSHIPS"
"B05003B_017","Estimate!!Total!!Female!!Under 18 years!!Foreign born!!Naturalized U.S. citizen","Female","Under 18 years","BLACK OR AFRICAN AMERICAN ALONE","Foreign born","Naturalized U.S. citizen"
"B05003B_018","Estimate!!Total!!Female!!Under 18 years!!Foreign born!!Not a U.S. citizen","Female","Under 18 years","BLACK OR AFRICAN AMERICAN ALONE","Foreign born","Not a U.S. citizen"
"B05003B_019","Estimate!!Total!!Female!!18 years and over","Female","18 years and over","BLACK OR AFRICAN AMERICAN ALONE","ALL NATIVITIES","ALL CITIZENSHIPS"
"B05003B_020","Estimate!!Total!!Female!!18 years and over!!Native","Female","18 years and over","BLACK OR AFRICAN AMERICAN ALONE","Native","ALL CITIZENSHIPS"
"B05003B_021","Estimate!!Total!!Female!!18 years and over!!Foreign born","Female","18 years and over","BLACK OR AFRICAN AMERICAN ALONE","Foreign born","ALL CITIZENSHIPS"
"B05003B_022","Estimate!!Total!!Female!!18 years and over!!Foreign born!!Naturalized U.S. citizen","Female","18 years and over","BLACK OR AFRICAN AMERICAN ALONE","Foreign born","Naturalized U.S. citizen"
"B05003B_023","Estimate!!Total!!Female!!18 years and over!!Foreign born!!Not a U.S. citizen","Female","18 years and over","BLACK OR AFRICAN AMERICAN ALONE","Foreign born","Not a U.S. citizen"
"B05003C_001","Estimate!!Total","ALL SEXES","ALL AGES","AMERICAN INDIAN AND ALASKA NATIVE ALONE","ALL NATIVITIES","ALL CITIZENSHIPS"
"B05003C_002","Estimate!!Total!!Male","Male","ALL AGES","AMERICAN INDIAN AND ALASKA NATIVE ALONE","ALL NATIVITIES","ALL CITIZENSHIPS"
"B05003C_003","Estimate!!Total!!Male!!Under 18 years","Male","Under 18 years","AMERICAN INDIAN AND ALASKA NATIVE ALONE","ALL NATIVITIES","ALL CITIZENSHIPS"
"B05003C_004","Estimate!!Total!!Male!!Under 18 years!!Native","Male","Under 18 years","AMERICAN INDIAN AND ALASKA NATIVE ALONE","Native","ALL CITIZENSHIPS"
"B05003C_005","Estimate!!Total!!Male!!Under 18 years!!Foreign born","Male","Under 18 years","AMERICAN INDIAN AND ALASKA NATIVE ALONE","Foreign born","ALL CITIZENSHIPS"
"B05003C_006","Estimate!!Total!!Male!!Under 18 years!!Foreign born!!Naturalized U.S. citizen","Male","Under 18 years","AMERICAN INDIAN AND ALASKA NATIVE ALONE","Foreign born","Naturalized U.S. citizen"
"B05003C_007","Estimate!!Total!!Male!!Under 18 years!!Foreign born!!Not a U.S. citizen","Male","Under 18 years","AMERICAN INDIAN AND ALASKA NATIVE ALONE","Foreign born","Not a U.S. citizen"
"B05003C_008","Estimate!!Total!!Male!!18 years and over","Male","18 years and over","AMERICAN INDIAN AND ALASKA NATIVE ALONE","ALL NATIVITIES","ALL CITIZENSHIPS"
"B05003C_009","Estimate!!Total!!Male!!18 years and over!!Native","Male","18 years and over","AMERICAN INDIAN AND ALASKA NATIVE ALONE","Native","ALL CITIZENSHIPS"
"B05003C_010","Estimate!!Total!!Male!!18 years and over!!Foreign born","Male","18 years and over","AMERICAN INDIAN AND ALASKA NATIVE ALONE","Foreign born","ALL CITIZENSHIPS"
"B05003C_011","Estimate!!Total!!Male!!18 years and over!!Foreign born!!Naturalized U.S. citizen","Male","18 years and over","AMERICAN INDIAN AND ALASKA NATIVE ALONE","Foreign born","Naturalized U.S. citizen"
"B05003C_012","Estimate!!Total!!Male!!18 years and over!!Foreign born!!Not a U.S. citizen","Male","18 years and over","AMERICAN INDIAN AND ALASKA NATIVE ALONE","Foreign born","Not a U.S. citizen"
"B05003C_013","Estimate!!Total!!Female","Female","ALL AGES","AMERICAN INDIAN AND ALASKA NATIVE ALONE","ALL NATIVITIES","ALL CITIZENSHIPS"
"B05003C_014","Estimate!!Total!!Female!!Under 18 years","Female","Under 18 years","AMERICAN INDIAN AND ALASKA NATIVE ALONE","ALL NATIVITIES","ALL CITIZENSHIPS"
"B05003C_015","Estimate!!Total!!Female!!Under 18 years!!Native","Female","Under 18 years","AMERICAN INDIAN AND ALASKA NATIVE ALONE","Native","ALL CITIZENSHIPS"
"B05003C_016","Estimate!!Total!!Female!!Under 18 years!!Foreign born","Female","Under 18 years","AMERICAN INDIAN AND ALASKA NATIVE ALONE","Foreign born","ALL CITIZENSHIPS"
"B05003C_017","Estimate!!Total!!Female!!Under 18 years!!Foreign born!!Naturalized U.S. citizen","Female","Under 18 years","AMERICAN INDIAN AND ALASKA NATIVE ALONE","Foreign born","Naturalized U.S. citizen"
"B05003C_018","Estimate!!Total!!Female!!Under 18 years!!Foreign born!!Not a U.S. citizen","Female","Under 18 years","AMERICAN INDIAN AND ALASKA NATIVE ALONE","Foreign born","Not a U.S. citizen"
"B05003C_019","Estimate!!Total!!Female!!18 years and over","Female","18 years and over","AMERICAN INDIAN AND ALASKA NATIVE ALONE","ALL NATIVITIES","ALL CITIZENSHIPS"
"B05003C_020","Estimate!!Total!!Female!!18 years and over!!Native","Female","18 years and over","AMERICAN INDIAN AND ALASKA NATIVE ALONE","Native","ALL CITIZENSHIPS"
"B05003C_021","Estimate!!Total!!Female!!18 years and over!!Foreign born","Female","18 years and over","AMERICAN INDIAN AND ALASKA NATIVE ALONE","Foreign born","ALL CITIZENSHIPS"
"B05003C_022","Estimate!!Total!!Female!!18 years and over!!Foreign born!!Naturalized U.S. citizen","Female","18 years and over","AMERICAN INDIAN AND ALASKA NATIVE ALONE","Foreign born","Naturalized U.S. citizen"
"B05003C_023","Estimate!!Total!!Female!!18 years and over!!Foreign born!!Not a U.S. citizen","Female","18 years and over","AMERICAN INDIAN AND ALASKA NATIVE ALONE","Foreign born","Not a U.S. citizen"
"B05003D_001","Estimate!!Total","ALL SEXES","ALL AGES","ASIAN ALONE","ALL NATIVITIES","ALL CITIZENSHIPS"
"B05003D_002","Estimate!!Total!!Male","Male","ALL AGES","ASIAN ALONE","ALL NATIVITIES","ALL CITIZENSHIPS"
"B05003D_003","Estimate!!Total!!Male!!Under 18 years","Male","Under 18 years","ASIAN ALONE","ALL NATIVITIES","ALL CITIZENSHIPS"
"B05003D_004","Estimate!!Total!!Male!!Under 18 years!!Native","Male","Under 18 years","ASIAN ALONE","Native","ALL CITIZENSHIPS"
"B05003D_005","Estimate!!Total!!Male!!Under 18 years!!Foreign born","Male","Under 18 years","ASIAN ALONE","Foreign born","ALL CITIZENSHIPS"
"B05003D_006","Estimate!!Total!!Male!!Under 18 years!!Foreign born!!Naturalized U.S. citizen","Male","Under 18 years","ASIAN ALONE","Foreign born","Naturalized U.S. citizen"
"B05003D_007","Estimate!!Total!!Male!!Under 18 years!!Foreign born!!Not a U.S. citizen","Male","Under 18 years","ASIAN ALONE","Foreign born","Not a U.S. citizen"
"B05003D_008","Estimate!!Total!!Male!!18 years and over","Male","18 years and over","ASIAN ALONE","ALL NATIVITIES","ALL CITIZENSHIPS"
"B05003D_009","Estimate!!Total!!Male!!18 years and over!!Native","Male","18 years and over","ASIAN ALONE","Native","ALL CITIZENSHIPS"
"B05003D_010","Estimate!!Total!!Male!!18 years and over!!Foreign born","Male","18 years and over","ASIAN ALONE","Foreign born","ALL CITIZENSHIPS"
"B05003D_011","Estimate!!Total!!Male!!18 years and over!!Foreign born!!Naturalized U.S. citizen","Male","18 years and over","ASIAN ALONE","Foreign born","Naturalized U.S. citizen"
"B05003D_012","Estimate!!Total!!Male!!18 years and over!!Foreign born!!Not a U.S. citizen","Male","18 years and over","ASIAN ALONE","Foreign born","Not a U.S. citizen"
"B05003D_013","Estimate!!Total!!Female","Female","ALL AGES","ASIAN ALONE","ALL NATIVITIES","ALL CITIZENSHIPS"
"B05003D_014","Estimate!!Total!!Female!!Under 18 years","Female","Under 18 years","ASIAN ALONE","ALL NATIVITIES","ALL CITIZENSHIPS"
"B05003D_015","Estimate!!Total!!Female!!Under 18 years!!Native","Female","Under 18 years","ASIAN ALONE","Native","ALL CITIZENSHIPS"
"B05003D_016","Estimate!!Total!!Female!!Under 18 years!!Foreign born","Female","Under 18 years","ASIAN ALONE","Foreign born","ALL CITIZENSHIPS"
"B05003D_017","Estimate!!Total!!Female!!Under 18 years!!Foreign born!!Naturalized U.S. citizen","Female","Under 18 years","ASIAN ALONE","Foreign born","Naturalized U.S. citizen"
"B05003D_018","Estimate!!Total!!Female!!Under 18 years!!Foreign born!!Not a U.S. citizen","Female","Under 18 years","ASIAN ALONE","Foreign born","Not a U.S. citizen"
"B05003D_019","Estimate!!Total!!Female!!18 years and over","Female","18 years and over","ASIAN ALONE","ALL NATIVITIES","ALL CITIZENSHIPS"
"B05003D_020","Estimate!!Total!!Female!!18 years and over!!Native","Female","18 years and over","ASIAN ALONE","Native","ALL CITIZENSHIPS"
"B05003D_021","Estimate!!Total!!Female!!18 years and over!!Foreign born","Female","18 years and over","ASIAN ALONE","Foreign born","ALL CITIZENSHIPS"
"B05003D_022","Estimate!!Total!!Female!!18 years and over!!Foreign born!!Naturalized U.S. citizen","Female","18 years and over","ASIAN ALONE","Foreign born","Naturalized U.S. citizen"
"B05003D_023","Estimate!!Total!!Female!!18 years and over!!Foreign born!!Not a U.S. citizen","Female","18 years and over","ASIAN ALONE","Foreign born","Not a U.S. citizen"
"B05003E_001","Estimate!!Total","ALL SEXES","ALL AGES","NATIVE HAWAIIAN AND OTHER PACIFIC ISLANDER ALONE","ALL NATIVITIES","ALL CITIZENSHIPS"
"B05003E_002","Estimate!!Total!!Male","Male","ALL AGES","NATIVE HAWAIIAN AND OTHER PACIFIC ISLANDER ALONE","ALL NATIVITIES","ALL CITIZENSHIPS"
"B05003E_003","Estimate!!Total!!Male!!Under 18 years","Male","Under 18 years","NATIVE HAWAIIAN AND OTHER PACIFIC ISLANDER ALONE","ALL NATIVITIES","ALL CITIZENSHIPS"
"B05003E_004","Estimate!!Total!!Male!!Under 18 years!!Native","Male","Under 18 years","NATIVE HAWAIIAN AND OTHER PACIFIC ISLANDER ALONE","Native","ALL CITIZENSHIPS"
"B05003E_005","Estimate!!Total!!Male!!Under 18 years!!Foreign born","Male","Under 18 years","NATIVE HAWAIIAN AND OTHER PACIFIC ISLANDER ALONE","Foreign born","ALL CITIZENSHIPS"
"B05003E_006","Estimate!!Total!!Male!!Under 18 years!!Foreign born!!Naturalized U.S. citizen","Male","Under 18 years","NATIVE HAWAIIAN AND OTHER PACIFIC ISLANDER ALONE","Foreign born","Naturalized U.S. citizen"
"B05003E_007","Estimate!!Total!!Male!!Under 18 years!!Foreign born!!Not a U.S. citizen","Male","Under 18 years","NATIVE HAWAIIAN AND OTHER PACIFIC ISLANDER ALONE","Foreign born","Not a U.S. citizen"
"B05003E_008","Estimate!!Total!!Male!!18 years and over","Male","18 years and over","NATIVE HAWAIIAN AND OTHER PACIFIC ISLANDER ALONE","ALL NATIVITIES","ALL CITIZENSHIPS"
"B05003E_009","Estimate!!Total!!Male!!18 years and over!!Native","Male","18 years and over","NATIVE HAWAIIAN AND OTHER PACIFIC ISLANDER ALONE","Native","ALL CITIZENSHIPS"
"B05003E_010","Estimate!!Total!!Male!!18 years and over!!Foreign born","Male","18 years and over","NATIVE HAWAIIAN AND OTHER PACIFIC ISLANDER ALONE","Foreign born","ALL CITIZENSHIPS"
"B05003E_011","Estimate!!Total!!Male!!18 years and over!!Foreign born!!Naturalized U.S. citizen","Male","18 years and over","NATIVE HAWAIIAN AND OTHER PACIFIC ISLANDER ALONE","Foreign born","Naturalized U.S. citizen"
"B05003E_012","Estimate!!Total!!Male!!18 years and over!!Foreign born!!Not a U.S. citizen","Male","18 years and over","NATIVE HAWAIIAN AND OTHER PACIFIC ISLANDER ALONE","Foreign born","Not a U.S. citizen"
"B05003E_013","Estimate!!Total!!Female","Female","ALL AGES","NATIVE HAWAIIAN AND OTHER PACIFIC ISLANDER ALONE","ALL NATIVITIES","ALL CITIZENSHIPS"
"B05003E_014","Estimate!!Total!!Female!!Under 18 years","Female","Under 18 years","NATIVE HAWAIIAN AND OTHER PACIFIC ISLANDER ALONE","ALL NATIVITIES","ALL CITIZENSHIPS"
"B05003E_015","Estimate!!Total!!Female!!Under 18 years!!Native","Female","Under 18 years","NATIVE HAWAIIAN AND OTHER PACIFIC ISLANDER ALONE","Native","ALL CITIZENSHIPS"
"B05003E_016","Estimate!!Total!!Female!!Under 18 years!!Foreign born","Female","Under 18 years","NATIVE HAWAIIAN AND OTHER PACIFIC ISLANDER ALONE","Foreign born","ALL CITIZENSHIPS"
"B05003E_017","Estimate!!Total!!Female!!Under 18 years!!Foreign born!!Naturalized U.S. citizen","Female","Under 18 years","NATIVE HAWAIIAN AND OTHER PACIFIC ISLANDER ALONE","Foreign born","Naturalized U.S. citizen"
"B05003E_018","Estimate!!Total!!Female!!Under 18 years!!Foreign born!!Not a U.S. citizen","Female","Under 18 years","NATIVE HAWAIIAN AND OTHER PACIFIC ISLANDER ALONE","Foreign born","Not a U.S. citizen"
"B05003E_019","Estimate!!Total!!Female!!18 years and over","Female","18 years and over","NATIVE HAWAIIAN AND OTHER PACIFIC ISLANDER ALONE","ALL NATIVITIES","ALL CITIZENSHIPS"
"B05003E_020","Estimate!!Total!!Female!!18 years and over!!Native","Female","18 years and over","NATIVE HAWAIIAN AND OTHER PACIFIC ISLANDER ALONE","Native","ALL CITIZENSHIPS"
"B05003E_021","Estimate!!Total!!Female!!18 years and over!!Foreign born","Female","18 years and over","NATIVE HAWAIIAN AND OTHER PACIFIC ISLANDER ALONE","Foreign born","ALL CITIZENSHIPS"
"B05003E_022","Estimate!!Total!!Female!!18 years and over!!Foreign born!!Naturalized U.S. citizen","Female","18 years and over","NATIVE HAWAIIAN AND OTHER PACIFIC ISLANDER ALONE","Foreign born","Naturalized U.S. citizen"
"B05003E_023","Estimate!!Total!!Female!!18 years and over!!Foreign born!!Not a U.S. citizen","Female","18 years and over","NATIVE HAWAIIAN AND OTHER PACIFIC ISLANDER ALONE","Foreign born","Not a U.S. citizen"
"B05003F_001","Estimate!!Total","ALL SEXES","ALL AGES","SOME OTHER RACE ALONE","ALL NATIVITIES","ALL CITIZENSHIPS"
"B05003F_002","Estimate!!Total!!Male","Male","ALL AGES","SOME OTHER RACE ALONE","ALL NATIVITIES","ALL CITIZENSHIPS"
"B05003F_003","Estimate!!Total!!Male!!Under 18 years","Male","Under 18 years","SOME OTHER RACE ALONE","ALL NATIVITIES","ALL CITIZENSHIPS"
"B05003F_004","Estimate!!Total!!Male!!Under 18 years!!Native","Male","Under 18 years","SOME OTHER RACE ALONE","Native","ALL CITIZENSHIPS"
"B05003F_005","Estimate!!Total!!Male!!Under 18 years!!Foreign born","Male","Under 18 years","SOME OTHER RACE ALONE","Foreign born","ALL CITIZENSHIPS"
"B05003F_006","Estimate!!Total!!Male!!Under 18 years!!Foreign born!!Naturalized U.S. citizen","Male","Under 18 years","SOME OTHER RACE ALONE","Foreign born","Naturalized U.S. citizen"
"B05003F_007","Estimate!!Total!!Male!!Under 18 years!!Foreign born!!Not a U.S. citizen","Male","Under 18 years","SOME OTHER RACE ALONE","Foreign born","Not a U.S. citizen"
"B05003F_008","Estimate!!Total!!Male!!18 years and over","Male","18 years and over","SOME OTHER RACE ALONE","ALL NATIVITIES","ALL CITIZENSHIPS"
"B05003F_009","Estimate!!Total!!Male!!18 years and over!!Native","Male","18 years and over","SOME OTHER RACE ALONE","Native","ALL CITIZENSHIPS"
"B05003F_010","Estimate!!Total!!Male!!18 years and over!!Foreign born","Male","18 years and over","SOME OTHER RACE ALONE","Foreign born","ALL CITIZENSHIPS"
"B05003F_011","Estimate!!Total!!Male!!18 years and over!!Foreign born!!Naturalized U.S. citizen","Male","18 years and over","SOME OTHER RACE ALONE","Foreign born","Naturalized U.S. citizen"
"B05003F_012","Estimate!!Total!!Male!!18 years and over!!Foreign born!!Not a U.S. citizen","Male","18 years and over","SOME OTHER RACE ALONE","Foreign born","Not a U.S. citizen"
"B05003F_013","Estimate!!Total!!Female","Female","ALL AGES","SOME OTHER RACE ALONE","ALL NATIVITIES","ALL CITIZENSHIPS"
"B05003F_014","Estimate!!Total!!Female!!Under 18 years","Female","Under 18 years","SOME OTHER RACE ALONE","ALL NATIVITIES","ALL CITIZENSHIPS"
"B05003F_015","Estimate!!Total!!Female!!Under 18 years!!Native","Female","Under 18 years","SOME OTHER RACE ALONE","Native","ALL CITIZENSHIPS"
"B05003F_016","Estimate!!Total!!Female!!Under 18 years!!Foreign born","Female","Under 18 years","SOME OTHER RACE ALONE","Foreign born","ALL CITIZENSHIPS"
"B05003F_017","Estimate!!Total!!Female!!Under 18 years!!Foreign born!!Naturalized U.S. citizen","Female","Under 18 years","SOME OTHER RACE ALONE","Foreign born","Naturalized U.S. citizen"
"B05003F_018","Estimate!!Total!!Female!!Under 18 years!!Foreign born!!Not a U.S. citizen","Female","Under 18 years","SOME OTHER RACE ALONE","Foreign born","Not a U.S. citizen"
"B05003F_019","Estimate!!Total!!Female!!18 years and over","Female","18 years and over","SOME OTHER RACE ALONE","ALL NATIVITIES","ALL CITIZENSHIPS"
"B05003F_020","Estimate!!Total!!Female!!18 years and over!!Native","Female","18 years and over","SOME OTHER RACE ALONE","Native","ALL CITIZENSHIPS"
"B05003F_021","Estimate!!Total!!Female!!18 years and over!!Foreign born","Female","18 years and over","SOME OTHER RACE ALONE","Foreign born","ALL CITIZENSHIPS"
"B05003F_022","Estimate!!Total!!Female!!18 years and over!!Foreign born!!Naturalized U.S. citizen","Female","18 years and over","SOME OTHER RACE ALONE","Foreign born","Naturalized U.S. citizen"
"B05003F_023","Estimate!!Total!!Female!!18 years and over!!Foreign born!!Not a U.S. citizen","Female","18 years and over","SOME OTHER RACE ALONE","Foreign born","Not a U.S. citizen"
"B05003G_001","Estimate!!Total","ALL SEXES","ALL AGES","TWO OR MORE RACES","ALL NATIVITIES","ALL CITIZENSHIPS"
"B05003G_002","Estimate!!Total!!Male","Male","ALL AGES","TWO OR MORE RACES","ALL NATIVITIES","ALL CITIZENSHIPS"
"B05003G_003","Estimate!!Total!!Male!!Under 18 years","Male","Under 18 years","TWO OR MORE RACES","ALL NATIVITIES","ALL CITIZENSHIPS"
"B05003G_004","Estimate!!Total!!Male!!Under 18 years!!Native","Male","Under 18 years","TWO OR MORE RACES","Native","ALL CITIZENSHIPS"
"B05003G_005","Estimate!!Total!!Male!!Under 18 years!!Foreign born","Male","Under 18 years","TWO OR MORE RACES","Foreign born","ALL CITIZENSHIPS"
"B05003G_006","Estimate!!Total!!Male!!Under 18 years!!Foreign born!!Naturalized U.S. citizen","Male","Under 18 years","TWO OR MORE RACES","Foreign born","Naturalized U.S. citizen"
"B05003G_007","Estimate!!Total!!Male!!Under 18 years!!Foreign born!!Not a U.S. citizen","Male","Under 18 years","TWO OR MORE RACES","Foreign born","Not a U.S. citizen"
"B05003G_008","Estimate!!Total!!Male!!18 years and over","Male","18 years and over","TWO OR MORE RACES","ALL NATIVITIES","ALL CITIZENSHIPS"
"B05003G_009","Estimate!!Total!!Male!!18 years and over!!Native","Male","18 years and over","TWO OR MORE RACES","Native","ALL CITIZENSHIPS"
"B05003G_010","Estimate!!Total!!Male!!18 years and over!!Foreign born","Male","18 years and over","TWO OR MORE RACES","Foreign born","ALL CITIZENSHIPS"
"B05003G_011","Estimate!!Total!!Male!!18 years and over!!Foreign born!!Naturalized U.S. citizen","Male","18 years and over","TWO OR MORE RACES","Foreign born","Naturalized U.S. citizen"
"B05003G_012","Estimate!!Total!!Male!!18 years and over!!Foreign born!!Not a U.S. citizen","Male","18 years and over","TWO OR MORE RACES","Foreign born","Not a U.S. citizen"
"B05003G_013","Estimate!!Total!!Female","Female","ALL AGES","TWO OR MORE RACES","ALL NATIVITIES","ALL CITIZENSHIPS"
"B05003G_014","Estimate!!Total!!Female!!Under 18 years","Female","Under 18 years","TWO OR MORE RACES","ALL NATIVITIES","ALL CITIZENSHIPS"
"B05003G_015","Estimate!!Total!!Female!!Under 18 years!!Native","Female","Under 18 years","TWO OR MORE RACES","Native","ALL CITIZENSHIPS"
"B05003G_016","Estimate!!Total!!Female!!Under 18 years!!Foreign born","Female","Under 18 years","TWO OR MORE RACES","Foreign born","ALL CITIZENSHIPS"
"B05003G_017","Estimate!!Total!!Female!!Under 18 years!!Foreign born!!Naturalized U.S. citizen","Female","Under 18 years","TWO OR MORE RACES","Foreign born","Naturalized U.S. citizen"
"B05003G_018","Estimate!!Total!!Female!!Under 18 years!!Foreign born!!Not a U.S. citizen","Female","Under 18 years","TWO OR MORE RACES","Foreign born","Not a U.S. citizen"
"B05003G_019","Estimate!!Total!!Female!!18 years and over","Female","18 years and over","TWO OR MORE RACES","ALL NATIVITIES","ALL CITIZENSHIPS"
"B05003G_020","Estimate!!Total!!Female!!18 years and over!!Native","Female","18 years and over","TWO OR MORE RACES","Native","ALL CITIZENSHIPS"
"B05003G_021","Estimate!!Total!!Female!!18 years and over!!Foreign born","Female","18 years and over","TWO OR MORE RACES","Foreign born","ALL CITIZENSHIPS"
"B05003G_022","Estimate!!Total!!Female!!18 years and over!!Foreign born!!Naturalized U.S. citizen","Female","18 years and over","TWO OR MORE RACES","Foreign born","Naturalized U.S. citizen"
"B05003G_023","Estimate!!Total!!Female!!18 years and over!!Foreign born!!Not a U.S. citizen","Female","18 years and over","TWO OR MORE RACES","Foreign born","Not a U.S. citizen"
"B05003H_001","Estimate!!Total","ALL SEXES","ALL AGES","WHITE ALONE, NOT HISPANIC OR LATINO","ALL NATIVITIES","ALL CITIZENSHIPS"
"B05003H_002","Estimate!!Total!!Male","Male","ALL AGES","WHITE ALONE, NOT HISPANIC OR LATINO","ALL NATIVITIES","ALL CITIZENSHIPS"
"B05003H_003","Estimate!!Total!!Male!!Under 18 years","Male","Under 18 years","WHITE ALONE, NOT HISPANIC OR LATINO","ALL NATIVITIES","ALL CITIZENSHIPS"
"B05003H_004","Estimate!!Total!!Male!!Under 18 years!!Native","Male","Under 18 years","WHITE ALONE, NOT HISPANIC OR LATINO","Native","ALL CITIZENSHIPS"
"B05003H_005","Estimate!!Total!!Male!!Under 18 years!!Foreign born","Male","Under 18 years","WHITE ALONE, NOT HISPANIC OR LATINO","Foreign born","ALL CITIZENSHIPS"
"B05003H_006","Estimate!!Total!!Male!!Under 18 years!!Foreign born!!Naturalized U.S. citizen","Male","Under 18 years","WHITE ALONE, NOT HISPANIC OR LATINO","Foreign born","Naturalized U.S. citizen"
"B05003H_007","Estimate!!Total!!Male!!Under 18 years!!Foreign born!!Not a U.S. citizen","Male","Under 18 years","WHITE ALONE, NOT HISPANIC OR LATINO","Foreign born","Not a U.S. citizen"
"B05003H_008","Estimate!!Total!!Male!!18 years and over","Male","18 years and over","WHITE ALONE, NOT HISPANIC OR LATINO","ALL NATIVITIES","ALL CITIZENSHIPS"
"B05003H_009","Estimate!!Total!!Male!!18 years and over!!Native","Male","18 years and over","WHITE ALONE, NOT HISPANIC OR LATINO","Native","ALL CITIZENSHIPS"
"B05003H_010","Estimate!!Total!!Male!!18 years and over!!Foreign born","Male","18 years and over","WHITE ALONE, NOT HISPANIC OR LATINO","Foreign born","ALL CITIZENSHIPS"
"B05003H_011","Estimate!!Total!!Male!!18 years and over!!Foreign born!!Naturalized U.S. citizen","Male","18 years and over","WHITE ALONE, NOT HISPANIC OR LATINO","Foreign born","Naturalized U.S. citizen"
"B05003H_012","Estimate!!Total!!Male!!18 years and over!!Foreign born!!Not a U.S. citizen","Male","18 years and over","WHITE ALONE, NOT HISPANIC OR LATINO","Foreign born","Not a U.S. citizen"
"B05003H_013","Estimate!!Total!!Female","Female","ALL AGES","WHITE ALONE, NOT HISPANIC OR LATINO","ALL NATIVITIES","ALL CITIZENSHIPS"
"B05003H_014","Estimate!!Total!!Female!!Under 18 years","Female","Under 18 years","WHITE ALONE, NOT HISPANIC OR LATINO","ALL NATIVITIES","ALL CITIZENSHIPS"
"B05003H_015","Estimate!!Total!!Female!!Under 18 years!!Native","Female","Under 18 years","WHITE ALONE, NOT HISPANIC OR LATINO","Native","ALL CITIZENSHIPS"
"B05003H_016","Estimate!!Total!!Female!!Under 18 years!!Foreign born","Female","Under 18 years","WHITE ALONE, NOT HISPANIC OR LATINO","Foreign born","ALL CITIZENSHIPS"
"B05003H_017","Estimate!!Total!!Female!!Under 18 years!!Foreign born!!Naturalized U.S. citizen","Female","Under 18 years","WHITE ALONE, NOT HISPANIC OR LATINO","Foreign born","Naturalized U.S. citizen"
"B05003H_018","Estimate!!Total!!Female!!Under 18 years!!Foreign born!!Not a U.S. citizen","Female","Under 18 years","WHITE ALONE, NOT HISPANIC OR LATINO","Foreign born","Not a U.S. citizen"
"B05003H_019","Estimate!!Total!!Female!!18 years and over","Female","18 years and over","WHITE ALONE, NOT HISPANIC OR LATINO","ALL NATIVITIES","ALL CITIZENSHIPS"
"B05003H_020","Estimate!!Total!!Female!!18 years and over!!Native","Female","18 years and over","WHITE ALONE, NOT HISPANIC OR LATINO","Native","ALL CITIZENSHIPS"
"B05003H_021","Estimate!!Total!!Female!!18 years and over!!Foreign born","Female","18 years and over","WHITE ALONE, NOT HISPANIC OR LATINO","Foreign born","ALL CITIZENSHIPS"
"B05003H_022","Estimate!!Total!!Female!!18 years and over!!Foreign born!!Naturalized U.S. citizen","Female","18 years and over","WHITE ALONE, NOT HISPANIC OR LATINO","Foreign born","Naturalized U.S. citizen"
"B05003H_023","Estimate!!Total!!Female!!18 years and over!!Foreign born!!Not a U.S. citizen","Female","18 years and over","WHITE ALONE, NOT HISPANIC OR LATINO","Foreign born","Not a U.S. citizen"
"B05003I_001","Estimate!!Total","ALL SEXES","ALL AGES","HISPANIC OR LATINO","ALL NATIVITIES","ALL CITIZENSHIPS"
"B05003I_002","Estimate!!Total!!Male","Male","ALL AGES","HISPANIC OR LATINO","ALL NATIVITIES","ALL CITIZENSHIPS"
"B05003I_003","Estimate!!Total!!Male!!Under 18 years","Male","Under 18 years","HISPANIC OR LATINO","ALL NATIVITIES","ALL CITIZENSHIPS"
"B05003I_004","Estimate!!Total!!Male!!Under 18 years!!Native","Male","Under 18 years","HISPANIC OR LATINO","Native","ALL CITIZENSHIPS"
"B05003I_005","Estimate!!Total!!Male!!Under 18 years!!Foreign born","Male","Under 18 years","HISPANIC OR LATINO","Foreign born","ALL CITIZENSHIPS"
"B05003I_006","Estimate!!Total!!Male!!Under 18 years!!Foreign born!!Naturalized U.S. citizen","Male","Under 18 years","HISPANIC OR LATINO","Foreign born","Naturalized U.S. citizen"
"B05003I_007","Estimate!!Total!!Male!!Under 18 years!!Foreign born!!Not a U.S. citizen","Male","Under 18 years","HISPANIC OR LATINO","Foreign born","Not a U.S. citizen"
"B05003I_008","Estimate!!Total!!Male!!18 years and over","Male","18 years and over","HISPANIC OR LATINO","ALL NATIVITIES","ALL CITIZENSHIPS"
"B05003I_009","Estimate!!Total!!Male!!18 years and over!!Native","Male","18 years and over","HISPANIC OR LATINO","Native","ALL CITIZENSHIPS"
"B05003I_010","Estimate!!Total!!Male!!18 years and over!!Foreign born","Male","18 years and over","HISPANIC OR LATINO","Foreign born","ALL CITIZENSHIPS"
"B05003I_011","Estimate!!Total!!Male!!18 years and over!!Foreign born!!Naturalized U.S. citizen","Male","18 years and over","HISPANIC OR LATINO","Foreign born","Naturalized U.S. citizen"
"B05003I_012","Estimate!!Total!!Male!!18 years and over!!Foreign born!!Not a U.S. citizen","Male","18 years and over","HISPANIC OR LATINO","Foreign born","Not a U.S. citizen"
"B05003I_013","Estimate!!Total!!Female","Female","ALL AGES","HISPANIC OR LATINO","ALL NATIVITIES","ALL CITIZENSHIPS"
"B05003I_014","Estimate!!Total!!Female!!Under 18 years","Female","Under 18 years","HISPANIC OR LATINO","ALL NATIVITIES","ALL CITIZENSHIPS"
"B05003I_015","Estimate!!Total!!Female!!Under 18 years!!Native","Female","Under 18 years","HISPANIC OR LATINO","Native","ALL CITIZENSHIPS"
"B05003I_016","Estimate!!Total!!Female!!Under 18 years!!Foreign born","Female","Under 18 years","HISPANIC OR LATINO","Foreign born","ALL CITIZENSHIPS"
"B05003I_017","Estimate!!Total!!Female!!Under 18 years!!Foreign born!!Naturalized U.S. citizen","Female","Under 18 years","HISPANIC OR LATINO","Foreign born","Naturalized U.S. citizen"
"B05003I_018","Estimate!!Total!!Female!!Under 18 years!!Foreign born!!Not a U.S. citizen","Female","Under 18 years","HISPANIC OR LATINO","Foreign born","Not a U.S. citizen"
"B05003I_019","Estimate!!Total!!Female!!18 years and over","Female","18 years and over","HISPANIC OR LATINO","ALL NATIVITIES","ALL CITIZENSHIPS"
"B05003I_020","Estimate!!Total!!Female!!18 years and over!!Native","Female","18 years and over","HISPANIC OR LATINO","Native","ALL CITIZENSHIPS"
"B05003I_021","Estimate!!Total!!Female!!18 years and over!!Foreign born","Female","18 years and over","HISPANIC OR LATINO","Foreign born","ALL CITIZENSHIPS"
"B05003I_022","Estimate!!Total!!Female!!18 years and over!!Foreign born!!Naturalized U.S. citizen","Female","18 years and over","HISPANIC OR LATINO","Foreign born","Naturalized U.S. citizen"
"B05003I_023","Estimate!!Total!!Female!!18 years and over!!Foreign born!!Not a U.S. citizen","Female","18 years and over","HISPANIC OR LATINO","Foreign born","Not a U.S. citizen"
"B05003_001","Estimate!!Total","ALL SEXES","ALL AGES","ALL RACES","ALL NATIVITIES","ALL CITIZENSHIPS"
"B05003_002","Estimate!!Total!!Male","Male","ALL AGES","ALL RACES","ALL NATIVITIES","ALL CITIZENSHIPS"
"B05003_003","Estimate!!Total!!Male!!Under 18 years","Male","Under 18 years","ALL RACES","ALL NATIVITIES","ALL CITIZENSHIPS"
"B05003_004","Estimate!!Total!!Male!!Under 18 years!!Native","Male","Under 18 years","ALL RACES","Native","ALL CITIZENSHIPS"
"B05003_005","Estimate!!Total!!Male!!Under 18 years!!Foreign born","Male","Under 18 years","ALL RACES","Foreign born","ALL CITIZENSHIPS"
"B05003_006","Estimate!!Total!!Male!!Under 18 years!!Foreign born!!Naturalized U.S. citizen","Male","Under 18 years","ALL RACES","Foreign born","Naturalized U.S. citizen"
"B05003_007","Estimate!!Total!!Male!!Under 18 years!!Foreign born!!Not a U.S. citizen","Male","Under 18 years","ALL RACES","Foreign born","Not a U.S. citizen"
"B05003_008","Estimate!!Total!!Male!!18 years and over","Male","18 years and over","ALL RACES","ALL NATIVITIES","ALL CITIZENSHIPS"
"B05003_009","Estimate!!Total!!Male!!18 years and over!!Native","Male","18 years and over","ALL RACES","Native","ALL CITIZENSHIPS"
"B05003_010","Estimate!!Total!!Male!!18 years and over!!Foreign born","Male","18 years and over","ALL RACES","Foreign born","ALL CITIZENSHIPS"
"B05003_011","Estimate!!Total!!Male!!18 years and over!!Foreign born!!Naturalized U.S. citizen","Male","18 years and over","ALL RACES","Foreign born","Naturalized U.S. citizen"
"B05003_012","Estimate!!Total!!Male!!18 years and over!!Foreign born!!Not a U.S. citizen","Male","18 years and over","ALL RACES","Foreign born","Not a U.S. citizen"
"B05003_013","Estimate!!Total!!Female","Female","ALL AGES","ALL RACES","ALL NATIVITIES","ALL CITIZENSHIPS"
"B05003_014","Estimate!!Total!!Female!!Under 18 years","Female","Under 18 years","ALL RACES","ALL NATIVITIES","ALL CITIZENSHIPS"
"B05003_015","Estimate!!Total!!Female!!Under 18 years!!Native","Female","Under 18 years","ALL RACES","Native","ALL CITIZENSHIPS"
"B05003_016","Estimate!!Total!!Female!!Under 18 years!!Foreign born","Female","Under 18 years","ALL RACES","Foreign born","ALL CITIZENSHIPS"
"B05003_017","Estimate!!Total!!Female!!Under 18 years!!Foreign born!!Naturalized U.S. citizen","Female","Under 18 years","ALL RACES","Foreign born","Naturalized U.S. citizen"
"B05003_018","Estimate!!Total!!Female!!Under 18 years!!Foreign born!!Not a U.S. citizen","Female","Under 18 years","ALL RACES","Foreign born","Not a U.S. citizen"
"B05003_019","Estimate!!Total!!Female!!18 years and over","Female","18 years and over","ALL RACES","ALL NATIVITIES","ALL CITIZENSHIPS"
"B05003_020","Estimate!!Total!!Female!!18 years and over!!Native","Female","18 years and over","ALL RACES","Native","ALL CITIZENSHIPS"
"B05003_021","Estimate!!Total!!Female!!18 years and over!!Foreign born","Female","18 years and over","ALL RACES","Foreign born","ALL CITIZENSHIPS"
"B05003_022","Estimate!!Total!!Female!!18 years and over!!Foreign born!!Naturalized U.S. citizen","Female","18 years and over","ALL RACES","Foreign born","Naturalized U.S. citizen"
"B05003_023","Estimate!!Total!!Female!!18 years and over!!Foreign born!!Not a U.S. citizen","Female","18 years and over","ALL RACES","Foreign born","Not a U.S. citizen"
